0 verbose cli /usr/bin/node /usr/bin/npm
1 info using npm@11.12.1
2 info using node@v25.9.0
3 silly config load:file:/usr/lib/node_modules/npm/npmrc
4 silly config load:file:/home/rapha_rudnik/.npmrc
5 silly config load:file:/usr/etc/npmrc
6 verbose title npm install
7 verbose argv "install"
8 verbose logfile logs-max:10 dir:/home/rapha_rudnik/.npm/_logs/2026-08-15T18_30_31_296Z-
9 verbose logfile /home/rapha_rudnik/.npm/_logs/2026-08-15T18_30_31_296Z-debug-0.log
10 silly logfile done cleaning log files
11 silly packumentCache heap:556269568 maxSize:139067392 maxEntrySize:69533696
12 silly idealTree buildDeps
13 silly reify moves {}
14 silly audit bulk request {
14 silly audit   '@eslint-community/eslint-utils': [ '4.9.1' ],
14 silly audit   '@eslint-community/regexpp': [ '4.12.2' ],
14 silly audit   '@eslint/eslintrc': [ '2.1.4' ],
14 silly audit   '@eslint/js': [ '8.57.1' ],
14 silly audit   '@humanwhocodes/config-array': [ '0.13.0' ],
14 silly audit   '@humanwhocodes/module-importer': [ '1.0.1' ],
14 silly audit   '@humanwhocodes/object-schema': [ '2.0.3' ],
14 silly audit   '@mongodb-js/saslprep': [ '1.4.12' ],
14 silly audit   '@nodelib/fs.scandir': [ '2.1.5' ],
14 silly audit   '@nodelib/fs.stat': [ '2.0.5' ],
14 silly audit   '@nodelib/fs.walk': [ '1.2.8' ],
14 silly audit   '@rtsao/scc': [ '1.1.0' ],
14 silly audit   '@standard-schema/spec': [ '1.1.0' ],
14 silly audit   '@types/json5': [ '0.0.29' ],
14 silly audit   '@types/webidl-conversions': [ '7.0.3' ],
14 silly audit   '@types/whatwg-url': [ '13.0.0' ],
14 silly audit   '@ungap/structured-clone': [ '1.3.2' ],
14 silly audit   accepts: [ '2.0.0' ],
14 silly audit   acorn: [ '8.17.0' ],
14 silly audit   'acorn-jsx': [ '5.3.2' ],
14 silly audit   ajv: [ '6.15.0' ],
14 silly audit   'ansi-regex': [ '5.0.1' ],
14 silly audit   'ansi-styles': [ '4.3.0' ],
14 silly audit   anymatch: [ '3.1.3' ],
14 silly audit   argparse: [ '2.0.1' ],
14 silly audit   'array-buffer-byte-length': [ '1.0.2' ],
14 silly audit   'array-includes': [ '3.1.9' ],
14 silly audit   'array.prototype.findlastindex': [ '1.2.6' ],
14 silly audit   'array.prototype.flat': [ '1.3.3' ],
14 silly audit   'array.prototype.flatmap': [ '1.3.3' ],
14 silly audit   'arraybuffer.prototype.slice': [ '1.0.4' ],
14 silly audit   'async-function': [ '1.0.0' ],
14 silly audit   'available-typed-arrays': [ '1.0.7' ],
14 silly audit   'balanced-match': [ '1.0.2', '4.0.4' ],
14 silly audit   'binary-extensions': [ '2.3.0' ],
14 silly audit   'body-parser': [ '2.3.0' ],
14 silly audit   'content-type': [ '2.0.0', '1.0.5' ],
14 silly audit   'brace-expansion': [ '1.1.15', '5.0.6' ],
14 silly audit   braces: [ '3.0.3' ],
14 silly audit   bson: [ '7.3.1' ],
14 silly audit   bytes: [ '3.1.2' ],
14 silly audit   'call-bind': [ '1.0.9' ],
14 silly audit   'call-bind-apply-helpers': [ '1.0.2' ],
14 silly audit   'call-bound': [ '1.0.4' ],
14 silly audit   callsites: [ '3.1.0' ],
14 silly audit   chalk: [ '4.1.2' ],
14 silly audit   chokidar: [ '3.6.0' ],
14 silly audit   'glob-parent': [ '5.1.2', '6.0.2' ],
14 silly audit   'color-convert': [ '2.0.1' ],
14 silly audit   'color-name': [ '1.1.4' ],
14 silly audit   'concat-map': [ '0.0.1' ],
14 silly audit   'confusing-browser-globals': [ '1.0.11' ],
14 silly audit   'content-disposition': [ '1.1.0' ],
14 silly audit   cookie: [ '0.7.2' ],
14 silly audit   'cookie-signature': [ '1.2.2' ],
14 silly audit   'cross-spawn': [ '7.0.6' ],
14 silly audit   'data-view-buffer': [ '1.0.2' ],
14 silly audit   'data-view-byte-length': [ '1.0.2' ],
14 silly audit   'data-view-byte-offset': [ '1.0.1' ],
14 silly audit   debug: [ '4.4.3', '3.2.7' ],
14 silly audit   'deep-is': [ '0.1.4' ],
14 silly audit   'define-data-property': [ '1.1.4' ],
14 silly audit   'define-properties': [ '1.2.1' ],
14 silly audit   depd: [ '2.0.0' ],
14 silly audit   doctrine: [ '3.0.0', '2.1.0' ],
14 silly audit   'dunder-proto': [ '1.0.1' ],
14 silly audit   'ee-first': [ '1.1.1' ],
14 silly audit   encodeurl: [ '2.0.0' ],
14 silly audit   'es-abstract': [ '1.24.2' ],
14 silly audit   'es-abstract-get': [ '1.0.0' ],
14 silly audit   'es-define-property': [ '1.0.1' ],
14 silly audit   'es-errors': [ '1.3.0' ],
14 silly audit   'es-object-atoms': [ '1.1.2' ],
14 silly audit   'es-set-tostringtag': [ '2.1.0' ],
14 silly audit   'es-shim-unscopables': [ '1.1.0' ],
14 silly audit   'es-to-primitive': [ '1.3.1' ],
14 silly audit   'escape-html': [ '1.0.3' ],
14 silly audit   'escape-string-regexp': [ '4.0.0' ],
14 silly audit   eslint: [ '8.57.1' ],
14 silly audit   'eslint-config-airbnb-base': [ '15.0.0' ],
14 silly audit   'eslint-import-resolver-node': [ '0.3.10' ],
14 silly audit   'eslint-module-utils': [ '2.13.0' ],
14 silly audit   'eslint-plugin-import': [ '2.32.0' ],
14 silly audit   'eslint-scope': [ '7.2.2' ],
14 silly audit   'eslint-visitor-keys': [ '3.4.3' ],
14 silly audit   espree: [ '9.6.1' ],
14 silly audit   esquery: [ '1.7.0' ],
14 silly audit   esrecurse: [ '4.3.0' ],
14 silly audit   estraverse: [ '5.3.0' ],
14 silly audit   esutils: [ '2.0.3' ],
14 silly audit   etag: [ '1.8.1' ],
14 silly audit   express: [ '5.2.1' ],
14 silly audit   'fast-deep-equal': [ '3.1.3' ],
14 silly audit   'fast-json-stable-stringify': [ '2.1.0' ],
14 silly audit   'fast-levenshtein': [ '2.0.6' ],
14 silly audit   fastq: [ '1.20.1' ],
14 silly audit   'file-entry-cache': [ '6.0.1' ],
14 silly audit   'fill-range': [ '7.1.1' ],
14 silly audit   finalhandler: [ '2.1.1' ],
14 silly audit   'find-up': [ '5.0.0' ],
14 silly audit   'flat-cache': [ '3.2.0' ],
14 silly audit   flatted: [ '3.4.2' ],
14 silly audit   'for-each': [ '0.3.5' ],
14 silly audit   forwarded: [ '0.2.0' ],
14 silly audit   fresh: [ '2.0.0' ],
14 silly audit   'fs.realpath': [ '1.0.0' ],
14 silly audit   fsevents: [ '2.3.3' ],
14 silly audit   'function-bind': [ '1.1.2' ],
14 silly audit   'function.prototype.name': [ '1.2.0' ],
14 silly audit   'functions-have-names': [ '1.2.3' ],
14 silly audit   'generator-function': [ '2.0.1' ],
14 silly audit   'get-intrinsic': [ '1.3.0' ],
14 silly audit   'get-proto': [ '1.0.1' ],
14 silly audit   'get-symbol-description': [ '1.1.0' ],
14 silly audit   glob: [ '7.2.3' ],
14 silly audit   globals: [ '13.24.0' ],
14 silly audit   globalthis: [ '1.0.4' ],
14 silly audit   gopd: [ '1.2.0' ],
14 silly audit   graphemer: [ '1.4.0' ],
14 silly audit   'has-bigints': [ '1.1.0' ],
14 silly audit   'has-flag': [ '4.0.0', '3.0.0' ],
14 silly audit   'has-property-descriptors': [ '1.0.2' ],
14 silly audit   'has-proto': [ '1.2.0' ],
14 silly audit   'has-symbols': [ '1.1.0' ],
14 silly audit   'has-tostringtag': [ '1.0.2' ],
14 silly audit   hasown: [ '2.0.4' ],
14 silly audit   'http-errors': [ '2.0.1' ],
14 silly audit   'iconv-lite': [ '0.7.2' ],
14 silly audit   ignore: [ '5.3.2' ],
14 silly audit   'ignore-by-default': [ '1.0.1' ],
14 silly audit   'import-fresh': [ '3.3.1' ],
14 silly audit   imurmurhash: [ '0.1.4' ],
14 silly audit   inflight: [ '1.0.6' ],
14 silly audit   inherits: [ '2.0.4' ],
14 silly audit   'internal-slot': [ '1.1.0' ],
14 silly audit   'ipaddr.js': [ '1.9.1' ],
14 silly audit   'is-array-buffer': [ '3.0.5' ],
14 silly audit   'is-async-function': [ '2.1.1' ],
14 silly audit   'is-bigint': [ '1.1.0' ],
14 silly audit   'is-binary-path': [ '2.1.0' ],
14 silly audit   'is-boolean-object': [ '1.2.2' ],
14 silly audit   'is-callable': [ '1.2.7' ],
14 silly audit   'is-core-module': [ '2.16.2' ],
14 silly audit   'is-data-view': [ '1.0.2' ],
14 silly audit   'is-date-object': [ '1.1.0' ],
14 silly audit   'is-document.all': [ '1.0.0' ],
14 silly audit   'is-extglob': [ '2.1.1' ],
14 silly audit   'is-finalizationregistry': [ '1.1.1' ],
14 silly audit   'is-generator-function': [ '1.1.2' ],
14 silly audit   'is-glob': [ '4.0.3' ],
14 silly audit   'is-map': [ '2.0.3' ],
14 silly audit   'is-negative-zero': [ '2.0.3' ],
14 silly audit   'is-number': [ '7.0.0' ],
14 silly audit   'is-number-object': [ '1.1.1' ],
14 silly audit   'is-path-inside': [ '3.0.3' ],
14 silly audit   'is-promise': [ '4.0.0' ],
14 silly audit   'is-regex': [ '1.2.1' ],
14 silly audit   'is-set': [ '2.0.3' ],
14 silly audit   'is-shared-array-buffer': [ '1.0.4' ],
14 silly audit   'is-string': [ '1.1.1' ],
14 silly audit   'is-symbol': [ '1.1.1' ],
14 silly audit   'is-typed-array': [ '1.1.15' ],
14 silly audit   'is-weakmap': [ '2.0.2' ],
14 silly audit   'is-weakref': [ '1.1.1' ],
14 silly audit   'is-weakset': [ '2.0.4' ],
14 silly audit   isarray: [ '2.0.5' ],
14 silly audit   isexe: [ '2.0.0' ],
14 silly audit   'js-yaml': [ '4.2.0' ],
14 silly audit   'json-buffer': [ '3.0.1' ],
14 silly audit   'json-schema-traverse': [ '0.4.1' ],
14 silly audit   'json-stable-stringify-without-jsonify': [ '1.0.1' ],
14 silly audit   json5: [ '1.0.2' ],
14 silly audit   kareem: [ '3.3.0' ],
14 silly audit   keyv: [ '4.5.4' ],
14 silly audit   levn: [ '0.4.1' ],
14 silly audit   'locate-path': [ '6.0.0' ],
14 silly audit   'lodash.merge': [ '4.6.2' ],
14 silly audit   'math-intrinsics': [ '1.1.0' ],
14 silly audit   'media-typer': [ '1.1.0' ],
14 silly audit   'memory-pager': [ '1.5.0' ],
14 silly audit   'merge-descriptors': [ '2.0.0' ],
14 silly audit   'mime-db': [ '1.54.0' ],
14 silly audit   'mime-types': [ '3.0.2' ],
14 silly audit   minimatch: [ '3.1.5', '10.2.5' ],
14 silly audit   minimist: [ '1.2.8' ],
14 silly audit   mongodb: [ '7.2.0' ],
14 silly audit   'mongodb-connection-string-url': [ '7.0.1' ],
14 silly audit   mongoose: [ '9.7.3' ],
14 silly audit   mpath: [ '0.9.0' ],
14 silly audit   mquery: [ '6.0.0' ],
14 silly audit   ms: [ '2.1.3' ],
14 silly audit   'natural-compare': [ '1.4.0' ],
14 silly audit   negotiator: [ '1.0.0' ],
14 silly audit   'node-exports-info': [ '1.6.2' ],
14 silly audit   nodemon: [ '3.1.14' ],
14 silly audit   semver: [ '7.8.5', '6.3.1' ],
14 silly audit   'supports-color': [ '5.5.0', '7.2.0' ],
14 silly audit   'normalize-path': [ '3.0.0' ],
14 silly audit   'object-inspect': [ '1.13.4' ],
14 silly audit   'object-keys': [ '1.1.1' ],
14 silly audit   'object.assign': [ '4.1.7' ],
14 silly audit   'object.entries': [ '1.1.9' ],
14 silly audit   'object.fromentries': [ '2.0.8' ],
14 silly audit   'object.groupby': [ '1.0.3' ],
14 silly audit   'object.values': [ '1.2.1' ],
14 silly audit   'on-finished': [ '2.4.1' ],
14 silly audit   once: [ '1.4.0' ],
14 silly audit   optionator: [ '0.9.4' ],
14 silly audit   'own-keys': [ '1.0.1' ],
14 silly audit   'p-limit': [ '3.1.0' ],
14 silly audit   'p-locate': [ '5.0.0' ],
14 silly audit   'parent-module': [ '1.0.1' ],
14 silly audit   parseurl: [ '1.3.3' ],
14 silly audit   'path-exists': [ '4.0.0' ],
14 silly audit   'path-is-absolute': [ '1.0.1' ],
14 silly audit   'path-key': [ '3.1.1' ],
14 silly audit   'path-parse': [ '1.0.7' ],
14 silly audit   'path-to-regexp': [ '8.4.2' ],
14 silly audit   picomatch: [ '2.3.2' ],
14 silly audit   'possible-typed-array-names': [ '1.1.0' ],
14 silly audit   'prelude-ls': [ '1.2.1' ],
14 silly audit   'proxy-addr': [ '2.0.7' ],
14 silly audit   'pstree.remy': [ '1.1.8' ],
14 silly audit   punycode: [ '2.3.1' ],
14 silly audit   qs: [ '6.15.3' ],
14 silly audit   'queue-microtask': [ '1.2.3' ],
14 silly audit   'range-parser': [ '1.2.1' ],
14 silly audit   'raw-body': [ '3.0.2' ],
14 silly audit   readdirp: [ '3.6.0' ],
14 silly audit   'reflect.getprototypeof': [ '1.0.10' ],
14 silly audit   'regexp.prototype.flags': [ '1.5.4' ],
14 silly audit   resolve: [ '2.0.0-next.7' ],
14 silly audit   'resolve-from': [ '4.0.0' ],
14 silly audit   reusify: [ '1.1.0' ],
14 silly audit   rimraf: [ '3.0.2' ],
14 silly audit   router: [ '2.2.0' ],
14 silly audit   'run-parallel': [ '1.2.0' ],
14 silly audit   'safe-array-concat': [ '1.1.4' ],
14 silly audit   'safe-push-apply': [ '1.0.0' ],
14 silly audit   'safe-regex-test': [ '1.1.0' ],
14 silly audit   'safer-buffer': [ '2.1.2' ],
14 silly audit   send: [ '1.2.1' ],
14 silly audit   'serve-static': [ '2.2.1' ],
14 silly audit   'set-function-length': [ '1.2.2' ],
14 silly audit   'set-function-name': [ '2.0.2' ],
14 silly audit   'set-proto': [ '1.0.0' ],
14 silly audit   setprototypeof: [ '1.2.0' ],
14 silly audit   'shebang-command': [ '2.0.0' ],
14 silly audit   'shebang-regex': [ '3.0.0' ],
14 silly audit   'side-channel': [ '1.1.1' ],
14 silly audit   'side-channel-list': [ '1.0.1' ],
14 silly audit   'side-channel-map': [ '1.0.1' ],
14 silly audit   'side-channel-weakmap': [ '1.0.2' ],
14 silly audit   sift: [ '17.1.3' ],
14 silly audit   'simple-update-notifier': [ '2.0.0' ],
14 silly audit   'sparse-bitfield': [ '3.0.3' ],
14 silly audit   statuses: [ '2.0.2' ],
14 silly audit   'stop-iteration-iterator': [ '1.1.0' ],
14 silly audit   'string.prototype.trim': [ '1.2.11' ],
14 silly audit   'string.prototype.trimend': [ '1.0.10' ],
14 silly audit   'string.prototype.trimstart': [ '1.0.8' ],
14 silly audit   'strip-ansi': [ '6.0.1' ],
14 silly audit   'strip-bom': [ '3.0.0' ],
14 silly audit   'strip-json-comments': [ '3.1.1' ],
14 silly audit   'supports-preserve-symlinks-flag': [ '1.0.0' ],
14 silly audit   'text-table': [ '0.2.0' ],
14 silly audit   'to-regex-range': [ '5.0.1' ],
14 silly audit   toidentifier: [ '1.0.1' ],
14 silly audit   touch: [ '3.1.1' ],
14 silly audit   tr46: [ '5.1.1' ],
14 silly audit   'tsconfig-paths': [ '3.15.0' ],
14 silly audit   'type-check': [ '0.4.0' ],
14 silly audit   'type-fest': [ '0.20.2' ],
14 silly audit   'type-is': [ '2.1.0' ],
14 silly audit   'typed-array-buffer': [ '1.0.3' ],
14 silly audit   'typed-array-byte-length': [ '1.0.3' ],
14 silly audit   'typed-array-byte-offset': [ '1.0.4' ],
14 silly audit   'typed-array-length': [ '1.0.8' ],
14 silly audit   'unbox-primitive': [ '1.1.0' ],
14 silly audit   undefsafe: [ '2.0.5' ],
14 silly audit   unpipe: [ '1.0.0' ],
14 silly audit   'uri-js': [ '4.4.1' ],
14 silly audit   vary: [ '1.1.2' ],
14 silly audit   'webidl-conversions': [ '7.0.0' ],
14 silly audit   'whatwg-url': [ '14.2.0' ],
14 silly audit   which: [ '2.0.2' ],
14 silly audit   'which-boxed-primitive': [ '1.1.1' ],
14 silly audit   'which-builtin-type': [ '1.2.1' ],
14 silly audit   'which-collection': [ '1.0.2' ],
14 silly audit   'which-typed-array': [ '1.1.22' ],
14 silly audit   'word-wrap': [ '1.2.5' ],
14 silly audit   wrappy: [ '1.0.2' ],
14 silly audit   'yocto-queue': [ '0.1.0' ]
14 silly audit }
15 http cache yocto-queue@https://registry.npmjs.org/yocto-queue/-/yocto-queue-0.1.0.tgz 1ms (cache hit)
16 http cache wrappy@https://registry.npmjs.org/wrappy/-/wrappy-1.0.2.tgz 0ms (cache hit)
17 http cache word-wrap@https://registry.npmjs.org/word-wrap/-/word-wrap-1.2.5.tgz 0ms (cache hit)
18 http cache which-typed-array@https://registry.npmjs.org/which-typed-array/-/which-typed-array-1.1.22.tgz 0ms (cache hit)
19 http cache which-collection@https://registry.npmjs.org/which-collection/-/which-collection-1.0.2.tgz 0ms (cache hit)
20 http cache which-builtin-type@https://registry.npmjs.org/which-builtin-type/-/which-builtin-type-1.2.1.tgz 0ms (cache hit)
21 http cache which-boxed-primitive@https://registry.npmjs.org/which-boxed-primitive/-/which-boxed-primitive-1.1.1.tgz 0ms (cache hit)
22 http cache which@https://registry.npmjs.org/which/-/which-2.0.2.tgz 0ms (cache hit)
23 http cache whatwg-url@https://registry.npmjs.org/whatwg-url/-/whatwg-url-14.2.0.tgz 0ms (cache hit)
24 http cache webidl-conversions@https://registry.npmjs.org/webidl-conversions/-/webidl-conversions-7.0.0.tgz 1ms (cache hit)
25 http cache vary@https://registry.npmjs.org/vary/-/vary-1.1.2.tgz 1ms (cache hit)
26 http cache uri-js@https://registry.npmjs.org/uri-js/-/uri-js-4.4.1.tgz 0ms (cache hit)
27 http cache unpipe@https://registry.npmjs.org/unpipe/-/unpipe-1.0.0.tgz 0ms (cache hit)
28 http cache undefsafe@https://registry.npmjs.org/undefsafe/-/undefsafe-2.0.5.tgz 0ms (cache hit)
29 http cache unbox-primitive@https://registry.npmjs.org/unbox-primitive/-/unbox-primitive-1.1.0.tgz 0ms (cache hit)
30 http cache typed-array-length@https://registry.npmjs.org/typed-array-length/-/typed-array-length-1.0.8.tgz 0ms (cache hit)
31 http cache typed-array-byte-offset@https://registry.npmjs.org/typed-array-byte-offset/-/typed-array-byte-offset-1.0.4.tgz 0ms (cache hit)
32 http cache typed-array-byte-length@https://registry.npmjs.org/typed-array-byte-length/-/typed-array-byte-length-1.0.3.tgz 0ms (cache hit)
33 http cache typed-array-buffer@https://registry.npmjs.org/typed-array-buffer/-/typed-array-buffer-1.0.3.tgz 0ms (cache hit)
34 http cache type-is@https://registry.npmjs.org/type-is/-/type-is-2.1.0.tgz 0ms (cache hit)
35 http cache type-fest@https://registry.npmjs.org/type-fest/-/type-fest-0.20.2.tgz 0ms (cache hit)
36 http cache type-check@https://registry.npmjs.org/type-check/-/type-check-0.4.0.tgz 0ms (cache hit)
37 http cache tsconfig-paths@https://registry.npmjs.org/tsconfig-paths/-/tsconfig-paths-3.15.0.tgz 0ms (cache hit)
38 http cache tr46@https://registry.npmjs.org/tr46/-/tr46-5.1.1.tgz 0ms (cache hit)
39 http cache touch@https://registry.npmjs.org/touch/-/touch-3.1.1.tgz 0ms (cache hit)
40 http cache toidentifier@https://registry.npmjs.org/toidentifier/-/toidentifier-1.0.1.tgz 0ms (cache hit)
41 http cache to-regex-range@https://registry.npmjs.org/to-regex-range/-/to-regex-range-5.0.1.tgz 0ms (cache hit)
42 http cache text-table@https://registry.npmjs.org/text-table/-/text-table-0.2.0.tgz 0ms (cache hit)
43 http cache supports-preserve-symlinks-flag@https://registry.npmjs.org/supports-preserve-symlinks-flag/-/supports-preserve-symlinks-flag-1.0.0.tgz 0ms (cache hit)
44 http cache supports-color@https://registry.npmjs.org/supports-color/-/supports-color-7.2.0.tgz 0ms (cache hit)
45 http cache strip-json-comments@https://registry.npmjs.org/strip-json-comments/-/strip-json-comments-3.1.1.tgz 0ms (cache hit)
46 http cache strip-bom@https://registry.npmjs.org/strip-bom/-/strip-bom-3.0.0.tgz 0ms (cache hit)
47 http cache strip-ansi@https://registry.npmjs.org/strip-ansi/-/strip-ansi-6.0.1.tgz 0ms (cache hit)
48 http cache string.prototype.trimstart@https://registry.npmjs.org/string.prototype.trimstart/-/string.prototype.trimstart-1.0.8.tgz 0ms (cache hit)
49 http cache string.prototype.trimend@https://registry.npmjs.org/string.prototype.trimend/-/string.prototype.trimend-1.0.10.tgz 0ms (cache hit)
50 http cache string.prototype.trim@https://registry.npmjs.org/string.prototype.trim/-/string.prototype.trim-1.2.11.tgz 0ms (cache hit)
51 http cache stop-iteration-iterator@https://registry.npmjs.org/stop-iteration-iterator/-/stop-iteration-iterator-1.1.0.tgz 0ms (cache hit)
52 http cache statuses@https://registry.npmjs.org/statuses/-/statuses-2.0.2.tgz 0ms (cache hit)
53 http cache sparse-bitfield@https://registry.npmjs.org/sparse-bitfield/-/sparse-bitfield-3.0.3.tgz 0ms (cache hit)
54 http cache simple-update-notifier@https://registry.npmjs.org/simple-update-notifier/-/simple-update-notifier-2.0.0.tgz 0ms (cache hit)
55 http cache sift@https://registry.npmjs.org/sift/-/sift-17.1.3.tgz 0ms (cache hit)
56 http cache side-channel-weakmap@https://registry.npmjs.org/side-channel-weakmap/-/side-channel-weakmap-1.0.2.tgz 0ms (cache hit)
57 http cache side-channel-map@https://registry.npmjs.org/side-channel-map/-/side-channel-map-1.0.1.tgz 0ms (cache hit)
58 http cache side-channel-list@https://registry.npmjs.org/side-channel-list/-/side-channel-list-1.0.1.tgz 0ms (cache hit)
59 http cache side-channel@https://registry.npmjs.org/side-channel/-/side-channel-1.1.1.tgz 0ms (cache hit)
60 http cache shebang-regex@https://registry.npmjs.org/shebang-regex/-/shebang-regex-3.0.0.tgz 0ms (cache hit)
61 http cache shebang-command@https://registry.npmjs.org/shebang-command/-/shebang-command-2.0.0.tgz 0ms (cache hit)
62 http cache setprototypeof@https://registry.npmjs.org/setprototypeof/-/setprototypeof-1.2.0.tgz 0ms (cache hit)
63 http cache set-proto@https://registry.npmjs.org/set-proto/-/set-proto-1.0.0.tgz 0ms (cache hit)
64 http cache set-function-name@https://registry.npmjs.org/set-function-name/-/set-function-name-2.0.2.tgz 0ms (cache hit)
65 http cache set-function-length@https://registry.npmjs.org/set-function-length/-/set-function-length-1.2.2.tgz 0ms (cache hit)
66 http cache serve-static@https://registry.npmjs.org/serve-static/-/serve-static-2.2.1.tgz 0ms (cache hit)
67 http cache send@https://registry.npmjs.org/send/-/send-1.2.1.tgz 0ms (cache hit)
68 http cache semver@https://registry.npmjs.org/semver/-/semver-6.3.1.tgz 0ms (cache hit)
69 http cache safer-buffer@https://registry.npmjs.org/safer-buffer/-/safer-buffer-2.1.2.tgz 0ms (cache hit)
70 http cache safe-regex-test@https://registry.npmjs.org/safe-regex-test/-/safe-regex-test-1.1.0.tgz 0ms (cache hit)
71 http cache safe-push-apply@https://registry.npmjs.org/safe-push-apply/-/safe-push-apply-1.0.0.tgz 0ms (cache hit)
72 http cache safe-array-concat@https://registry.npmjs.org/safe-array-concat/-/safe-array-concat-1.1.4.tgz 0ms (cache hit)
73 http cache run-parallel@https://registry.npmjs.org/run-parallel/-/run-parallel-1.2.0.tgz 0ms (cache hit)
74 http cache router@https://registry.npmjs.org/router/-/router-2.2.0.tgz 0ms (cache hit)
75 http cache rimraf@https://registry.npmjs.org/rimraf/-/rimraf-3.0.2.tgz 0ms (cache hit)
76 http cache reusify@https://registry.npmjs.org/reusify/-/reusify-1.1.0.tgz 0ms (cache hit)
77 http cache resolve-from@https://registry.npmjs.org/resolve-from/-/resolve-from-4.0.0.tgz 0ms (cache hit)
78 http cache resolve@https://registry.npmjs.org/resolve/-/resolve-2.0.0-next.7.tgz 0ms (cache hit)
79 http cache regexp.prototype.flags@https://registry.npmjs.org/regexp.prototype.flags/-/regexp.prototype.flags-1.5.4.tgz 0ms (cache hit)
80 http cache reflect.getprototypeof@https://registry.npmjs.org/reflect.getprototypeof/-/reflect.getprototypeof-1.0.10.tgz 0ms (cache hit)
81 http cache readdirp@https://registry.npmjs.org/readdirp/-/readdirp-3.6.0.tgz 0ms (cache hit)
82 http cache raw-body@https://registry.npmjs.org/raw-body/-/raw-body-3.0.2.tgz 0ms (cache hit)
83 http cache range-parser@https://registry.npmjs.org/range-parser/-/range-parser-1.2.1.tgz 0ms (cache hit)
84 http cache queue-microtask@https://registry.npmjs.org/queue-microtask/-/queue-microtask-1.2.3.tgz 0ms (cache hit)
85 http cache qs@https://registry.npmjs.org/qs/-/qs-6.15.3.tgz 0ms (cache hit)
86 http cache punycode@https://registry.npmjs.org/punycode/-/punycode-2.3.1.tgz 0ms (cache hit)
87 http cache pstree.remy@https://registry.npmjs.org/pstree.remy/-/pstree.remy-1.1.8.tgz 0ms (cache hit)
88 http cache proxy-addr@https://registry.npmjs.org/proxy-addr/-/proxy-addr-2.0.7.tgz 0ms (cache hit)
89 http cache prelude-ls@https://registry.npmjs.org/prelude-ls/-/prelude-ls-1.2.1.tgz 0ms (cache hit)
90 http cache possible-typed-array-names@https://registry.npmjs.org/possible-typed-array-names/-/possible-typed-array-names-1.1.0.tgz 0ms (cache hit)
91 http cache picomatch@https://registry.npmjs.org/picomatch/-/picomatch-2.3.2.tgz 0ms (cache hit)
92 http cache path-to-regexp@https://registry.npmjs.org/path-to-regexp/-/path-to-regexp-8.4.2.tgz 0ms (cache hit)
93 http cache path-parse@https://registry.npmjs.org/path-parse/-/path-parse-1.0.7.tgz 0ms (cache hit)
94 http cache path-key@https://registry.npmjs.org/path-key/-/path-key-3.1.1.tgz 0ms (cache hit)
95 http cache path-is-absolute@https://registry.npmjs.org/path-is-absolute/-/path-is-absolute-1.0.1.tgz 0ms (cache hit)
96 http cache path-exists@https://registry.npmjs.org/path-exists/-/path-exists-4.0.0.tgz 0ms (cache hit)
97 http cache parseurl@https://registry.npmjs.org/parseurl/-/parseurl-1.3.3.tgz 0ms (cache hit)
98 http cache parent-module@https://registry.npmjs.org/parent-module/-/parent-module-1.0.1.tgz 0ms (cache hit)
99 http cache p-locate@https://registry.npmjs.org/p-locate/-/p-locate-5.0.0.tgz 0ms (cache hit)
100 http cache p-limit@https://registry.npmjs.org/p-limit/-/p-limit-3.1.0.tgz 0ms (cache hit)
101 http cache own-keys@https://registry.npmjs.org/own-keys/-/own-keys-1.0.1.tgz 0ms (cache hit)
102 http cache optionator@https://registry.npmjs.org/optionator/-/optionator-0.9.4.tgz 0ms (cache hit)
103 http cache once@https://registry.npmjs.org/once/-/once-1.4.0.tgz 0ms (cache hit)
104 http cache on-finished@https://registry.npmjs.org/on-finished/-/on-finished-2.4.1.tgz 0ms (cache hit)
105 http cache object.values@https://registry.npmjs.org/object.values/-/object.values-1.2.1.tgz 0ms (cache hit)
106 http cache object.groupby@https://registry.npmjs.org/object.groupby/-/object.groupby-1.0.3.tgz 0ms (cache hit)
107 http cache object.fromentries@https://registry.npmjs.org/object.fromentries/-/object.fromentries-2.0.8.tgz 0ms (cache hit)
108 http cache object.entries@https://registry.npmjs.org/object.entries/-/object.entries-1.1.9.tgz 0ms (cache hit)
109 http cache object.assign@https://registry.npmjs.org/object.assign/-/object.assign-4.1.7.tgz 0ms (cache hit)
110 http cache object-keys@https://registry.npmjs.org/object-keys/-/object-keys-1.1.1.tgz 0ms (cache hit)
111 http cache object-inspect@https://registry.npmjs.org/object-inspect/-/object-inspect-1.13.4.tgz 0ms (cache hit)
112 http cache normalize-path@https://registry.npmjs.org/normalize-path/-/normalize-path-3.0.0.tgz 0ms (cache hit)
113 http cache nodemon@https://registry.npmjs.org/nodemon/-/nodemon-3.1.14.tgz 0ms (cache hit)
114 http cache node-exports-info@https://registry.npmjs.org/node-exports-info/-/node-exports-info-1.6.2.tgz 0ms (cache hit)
115 http cache negotiator@https://registry.npmjs.org/negotiator/-/negotiator-1.0.0.tgz 0ms (cache hit)
116 http cache natural-compare@https://registry.npmjs.org/natural-compare/-/natural-compare-1.4.0.tgz 0ms (cache hit)
117 http cache ms@https://registry.npmjs.org/ms/-/ms-2.1.3.tgz 0ms (cache hit)
118 http cache mquery@https://registry.npmjs.org/mquery/-/mquery-6.0.0.tgz 0ms (cache hit)
119 http cache mpath@https://registry.npmjs.org/mpath/-/mpath-0.9.0.tgz 0ms (cache hit)
120 http cache mongoose@https://registry.npmjs.org/mongoose/-/mongoose-9.7.3.tgz 0ms (cache hit)
121 http cache mongodb-connection-string-url@https://registry.npmjs.org/mongodb-connection-string-url/-/mongodb-connection-string-url-7.0.1.tgz 0ms (cache hit)
122 http cache mongodb@https://registry.npmjs.org/mongodb/-/mongodb-7.2.0.tgz 0ms (cache hit)
123 http cache minimist@https://registry.npmjs.org/minimist/-/minimist-1.2.8.tgz 0ms (cache hit)
124 http cache minimatch@https://registry.npmjs.org/minimatch/-/minimatch-3.1.5.tgz 0ms (cache hit)
125 http cache mime-types@https://registry.npmjs.org/mime-types/-/mime-types-3.0.2.tgz 0ms (cache hit)
126 http cache mime-db@https://registry.npmjs.org/mime-db/-/mime-db-1.54.0.tgz 0ms (cache hit)
127 http cache merge-descriptors@https://registry.npmjs.org/merge-descriptors/-/merge-descriptors-2.0.0.tgz 0ms (cache hit)
128 http cache memory-pager@https://registry.npmjs.org/memory-pager/-/memory-pager-1.5.0.tgz 0ms (cache hit)
129 http cache media-typer@https://registry.npmjs.org/media-typer/-/media-typer-1.1.0.tgz 0ms (cache hit)
130 http cache math-intrinsics@https://registry.npmjs.org/math-intrinsics/-/math-intrinsics-1.1.0.tgz 0ms (cache hit)
131 http cache lodash.merge@https://registry.npmjs.org/lodash.merge/-/lodash.merge-4.6.2.tgz 0ms (cache hit)
132 http cache locate-path@https://registry.npmjs.org/locate-path/-/locate-path-6.0.0.tgz 0ms (cache hit)
133 http cache levn@https://registry.npmjs.org/levn/-/levn-0.4.1.tgz 0ms (cache hit)
134 http cache keyv@https://registry.npmjs.org/keyv/-/keyv-4.5.4.tgz 0ms (cache hit)
135 http cache kareem@https://registry.npmjs.org/kareem/-/kareem-3.3.0.tgz 0ms (cache hit)
136 http cache json5@https://registry.npmjs.org/json5/-/json5-1.0.2.tgz 0ms (cache hit)
137 http cache json-stable-stringify-without-jsonify@https://registry.npmjs.org/json-stable-stringify-without-jsonify/-/json-stable-stringify-without-jsonify-1.0.1.tgz 0ms (cache hit)
138 http cache json-buffer@https://registry.npmjs.org/json-buffer/-/json-buffer-3.0.1.tgz 0ms (cache hit)
139 http cache js-yaml@https://registry.npmjs.org/js-yaml/-/js-yaml-4.2.0.tgz 0ms (cache hit)
140 http cache json-schema-traverse@https://registry.npmjs.org/json-schema-traverse/-/json-schema-traverse-0.4.1.tgz 0ms (cache hit)
141 http cache isexe@https://registry.npmjs.org/isexe/-/isexe-2.0.0.tgz 0ms (cache hit)
142 http cache isarray@https://registry.npmjs.org/isarray/-/isarray-2.0.5.tgz 0ms (cache hit)
143 http cache is-weakset@https://registry.npmjs.org/is-weakset/-/is-weakset-2.0.4.tgz 0ms (cache hit)
144 http cache is-weakref@https://registry.npmjs.org/is-weakref/-/is-weakref-1.1.1.tgz 0ms (cache hit)
145 http cache is-weakmap@https://registry.npmjs.org/is-weakmap/-/is-weakmap-2.0.2.tgz 0ms (cache hit)
146 http cache is-typed-array@https://registry.npmjs.org/is-typed-array/-/is-typed-array-1.1.15.tgz 0ms (cache hit)
147 http cache is-symbol@https://registry.npmjs.org/is-symbol/-/is-symbol-1.1.1.tgz 0ms (cache hit)
148 http cache is-string@https://registry.npmjs.org/is-string/-/is-string-1.1.1.tgz 0ms (cache hit)
149 http cache is-shared-array-buffer@https://registry.npmjs.org/is-shared-array-buffer/-/is-shared-array-buffer-1.0.4.tgz 0ms (cache hit)
150 http cache is-set@https://registry.npmjs.org/is-set/-/is-set-2.0.3.tgz 0ms (cache hit)
151 http cache is-regex@https://registry.npmjs.org/is-regex/-/is-regex-1.2.1.tgz 0ms (cache hit)
152 http cache is-promise@https://registry.npmjs.org/is-promise/-/is-promise-4.0.0.tgz 0ms (cache hit)
153 http cache is-path-inside@https://registry.npmjs.org/is-path-inside/-/is-path-inside-3.0.3.tgz 0ms (cache hit)
154 http cache is-number-object@https://registry.npmjs.org/is-number-object/-/is-number-object-1.1.1.tgz 0ms (cache hit)
155 http cache is-number@https://registry.npmjs.org/is-number/-/is-number-7.0.0.tgz 0ms (cache hit)
156 http cache is-negative-zero@https://registry.npmjs.org/is-negative-zero/-/is-negative-zero-2.0.3.tgz 0ms (cache hit)
157 http cache is-map@https://registry.npmjs.org/is-map/-/is-map-2.0.3.tgz 0ms (cache hit)
158 http cache is-glob@https://registry.npmjs.org/is-glob/-/is-glob-4.0.3.tgz 0ms (cache hit)
159 http cache is-generator-function@https://registry.npmjs.org/is-generator-function/-/is-generator-function-1.1.2.tgz 0ms (cache hit)
160 http cache is-finalizationregistry@https://registry.npmjs.org/is-finalizationregistry/-/is-finalizationregistry-1.1.1.tgz 0ms (cache hit)
161 http cache is-extglob@https://registry.npmjs.org/is-extglob/-/is-extglob-2.1.1.tgz 0ms (cache hit)
162 http cache is-document.all@https://registry.npmjs.org/is-document.all/-/is-document.all-1.0.0.tgz 0ms (cache hit)
163 http cache is-date-object@https://registry.npmjs.org/is-date-object/-/is-date-object-1.1.0.tgz 0ms (cache hit)
164 http cache is-data-view@https://registry.npmjs.org/is-data-view/-/is-data-view-1.0.2.tgz 0ms (cache hit)
165 http cache is-core-module@https://registry.npmjs.org/is-core-module/-/is-core-module-2.16.2.tgz 0ms (cache hit)
166 http cache is-callable@https://registry.npmjs.org/is-callable/-/is-callable-1.2.7.tgz 0ms (cache hit)
167 http cache is-boolean-object@https://registry.npmjs.org/is-boolean-object/-/is-boolean-object-1.2.2.tgz 0ms (cache hit)
168 http cache is-binary-path@https://registry.npmjs.org/is-binary-path/-/is-binary-path-2.1.0.tgz 0ms (cache hit)
169 http cache is-bigint@https://registry.npmjs.org/is-bigint/-/is-bigint-1.1.0.tgz 0ms (cache hit)
170 http cache is-async-function@https://registry.npmjs.org/is-async-function/-/is-async-function-2.1.1.tgz 0ms (cache hit)
171 http cache is-array-buffer@https://registry.npmjs.org/is-array-buffer/-/is-array-buffer-3.0.5.tgz 0ms (cache hit)
172 http cache ipaddr.js@https://registry.npmjs.org/ipaddr.js/-/ipaddr.js-1.9.1.tgz 0ms (cache hit)
173 http cache internal-slot@https://registry.npmjs.org/internal-slot/-/internal-slot-1.1.0.tgz 0ms (cache hit)
174 http cache inherits@https://registry.npmjs.org/inherits/-/inherits-2.0.4.tgz 0ms (cache hit)
175 http cache inflight@https://registry.npmjs.org/inflight/-/inflight-1.0.6.tgz 0ms (cache hit)
176 http cache imurmurhash@https://registry.npmjs.org/imurmurhash/-/imurmurhash-0.1.4.tgz 0ms (cache hit)
177 http cache import-fresh@https://registry.npmjs.org/import-fresh/-/import-fresh-3.3.1.tgz 0ms (cache hit)
178 http cache ignore-by-default@https://registry.npmjs.org/ignore-by-default/-/ignore-by-default-1.0.1.tgz 0ms (cache hit)
179 http cache ignore@https://registry.npmjs.org/ignore/-/ignore-5.3.2.tgz 0ms (cache hit)
180 http cache iconv-lite@https://registry.npmjs.org/iconv-lite/-/iconv-lite-0.7.2.tgz 0ms (cache hit)
181 http cache http-errors@https://registry.npmjs.org/http-errors/-/http-errors-2.0.1.tgz 0ms (cache hit)
182 http cache hasown@https://registry.npmjs.org/hasown/-/hasown-2.0.4.tgz 0ms (cache hit)
183 http cache has-tostringtag@https://registry.npmjs.org/has-tostringtag/-/has-tostringtag-1.0.2.tgz 0ms (cache hit)
184 http cache has-proto@https://registry.npmjs.org/has-proto/-/has-proto-1.2.0.tgz 0ms (cache hit)
185 http cache has-symbols@https://registry.npmjs.org/has-symbols/-/has-symbols-1.1.0.tgz 0ms (cache hit)
186 http cache has-property-descriptors@https://registry.npmjs.org/has-property-descriptors/-/has-property-descriptors-1.0.2.tgz 0ms (cache hit)
187 http cache has-bigints@https://registry.npmjs.org/has-bigints/-/has-bigints-1.1.0.tgz 0ms (cache hit)
188 http cache has-flag@https://registry.npmjs.org/has-flag/-/has-flag-4.0.0.tgz 0ms (cache hit)
189 http cache graphemer@https://registry.npmjs.org/graphemer/-/graphemer-1.4.0.tgz 0ms (cache hit)
190 http cache gopd@https://registry.npmjs.org/gopd/-/gopd-1.2.0.tgz 0ms (cache hit)
191 http cache globalthis@https://registry.npmjs.org/globalthis/-/globalthis-1.0.4.tgz 0ms (cache hit)
192 http cache globals@https://registry.npmjs.org/globals/-/globals-13.24.0.tgz 0ms (cache hit)
193 http cache glob-parent@https://registry.npmjs.org/glob-parent/-/glob-parent-6.0.2.tgz 0ms (cache hit)
194 http cache glob@https://registry.npmjs.org/glob/-/glob-7.2.3.tgz 0ms (cache hit)
195 http cache get-symbol-description@https://registry.npmjs.org/get-symbol-description/-/get-symbol-description-1.1.0.tgz 0ms (cache hit)
196 http cache get-proto@https://registry.npmjs.org/get-proto/-/get-proto-1.0.1.tgz 0ms (cache hit)
197 http cache get-intrinsic@https://registry.npmjs.org/get-intrinsic/-/get-intrinsic-1.3.0.tgz 0ms (cache hit)
198 http cache generator-function@https://registry.npmjs.org/generator-function/-/generator-function-2.0.1.tgz 1ms (cache hit)
199 http cache functions-have-names@https://registry.npmjs.org/functions-have-names/-/functions-have-names-1.2.3.tgz 0ms (cache hit)
200 http cache function.prototype.name@https://registry.npmjs.org/function.prototype.name/-/function.prototype.name-1.2.0.tgz 0ms (cache hit)
201 http cache fs.realpath@https://registry.npmjs.org/fs.realpath/-/fs.realpath-1.0.0.tgz 0ms (cache hit)
202 http cache fresh@https://registry.npmjs.org/fresh/-/fresh-2.0.0.tgz 0ms (cache hit)
203 http cache function-bind@https://registry.npmjs.org/function-bind/-/function-bind-1.1.2.tgz 0ms (cache hit)
204 http cache forwarded@https://registry.npmjs.org/forwarded/-/forwarded-0.2.0.tgz 0ms (cache hit)
205 http cache for-each@https://registry.npmjs.org/for-each/-/for-each-0.3.5.tgz 0ms (cache hit)
206 http cache flatted@https://registry.npmjs.org/flatted/-/flatted-3.4.2.tgz 0ms (cache hit)
207 http cache flat-cache@https://registry.npmjs.org/flat-cache/-/flat-cache-3.2.0.tgz 0ms (cache hit)
208 http cache find-up@https://registry.npmjs.org/find-up/-/find-up-5.0.0.tgz 0ms (cache hit)
209 http cache finalhandler@https://registry.npmjs.org/finalhandler/-/finalhandler-2.1.1.tgz 0ms (cache hit)
210 http cache fill-range@https://registry.npmjs.org/fill-range/-/fill-range-7.1.1.tgz 0ms (cache hit)
211 http cache file-entry-cache@https://registry.npmjs.org/file-entry-cache/-/file-entry-cache-6.0.1.tgz 0ms (cache hit)
212 http cache fastq@https://registry.npmjs.org/fastq/-/fastq-1.20.1.tgz 0ms (cache hit)
213 http cache fast-levenshtein@https://registry.npmjs.org/fast-levenshtein/-/fast-levenshtein-2.0.6.tgz 1ms (cache hit)
214 http cache fast-json-stable-stringify@https://registry.npmjs.org/fast-json-stable-stringify/-/fast-json-stable-stringify-2.1.0.tgz 0ms (cache hit)
215 http cache fast-deep-equal@https://registry.npmjs.org/fast-deep-equal/-/fast-deep-equal-3.1.3.tgz 0ms (cache hit)
216 http cache express@https://registry.npmjs.org/express/-/express-5.2.1.tgz 0ms (cache hit)
217 http cache etag@https://registry.npmjs.org/etag/-/etag-1.8.1.tgz 0ms (cache hit)
218 http cache esutils@https://registry.npmjs.org/esutils/-/esutils-2.0.3.tgz 0ms (cache hit)
219 http cache estraverse@https://registry.npmjs.org/estraverse/-/estraverse-5.3.0.tgz 0ms (cache hit)
220 http cache esrecurse@https://registry.npmjs.org/esrecurse/-/esrecurse-4.3.0.tgz 0ms (cache hit)
221 http cache esquery@https://registry.npmjs.org/esquery/-/esquery-1.7.0.tgz 0ms (cache hit)
222 http cache espree@https://registry.npmjs.org/espree/-/espree-9.6.1.tgz 0ms (cache hit)
223 http cache eslint-visitor-keys@https://registry.npmjs.org/eslint-visitor-keys/-/eslint-visitor-keys-3.4.3.tgz 0ms (cache hit)
224 http cache eslint-scope@https://registry.npmjs.org/eslint-scope/-/eslint-scope-7.2.2.tgz 0ms (cache hit)
225 http cache eslint-plugin-import@https://registry.npmjs.org/eslint-plugin-import/-/eslint-plugin-import-2.32.0.tgz 0ms (cache hit)
226 http cache eslint-module-utils@https://registry.npmjs.org/eslint-module-utils/-/eslint-module-utils-2.13.0.tgz 0ms (cache hit)
227 http cache eslint-import-resolver-node@https://registry.npmjs.org/eslint-import-resolver-node/-/eslint-import-resolver-node-0.3.10.tgz 0ms (cache hit)
228 http cache eslint-config-airbnb-base@https://registry.npmjs.org/eslint-config-airbnb-base/-/eslint-config-airbnb-base-15.0.0.tgz 0ms (cache hit)
229 http cache eslint@https://registry.npmjs.org/eslint/-/eslint-8.57.1.tgz 0ms (cache hit)
230 http cache escape-string-regexp@https://registry.npmjs.org/escape-string-regexp/-/escape-string-regexp-4.0.0.tgz 0ms (cache hit)
231 http cache escape-html@https://registry.npmjs.org/escape-html/-/escape-html-1.0.3.tgz 0ms (cache hit)
232 http cache es-to-primitive@https://registry.npmjs.org/es-to-primitive/-/es-to-primitive-1.3.1.tgz 0ms (cache hit)
233 http cache es-shim-unscopables@https://registry.npmjs.org/es-shim-unscopables/-/es-shim-unscopables-1.1.0.tgz 0ms (cache hit)
234 http cache es-set-tostringtag@https://registry.npmjs.org/es-set-tostringtag/-/es-set-tostringtag-2.1.0.tgz 0ms (cache hit)
235 http cache es-object-atoms@https://registry.npmjs.org/es-object-atoms/-/es-object-atoms-1.1.2.tgz 0ms (cache hit)
236 http cache es-errors@https://registry.npmjs.org/es-errors/-/es-errors-1.3.0.tgz 0ms (cache hit)
237 http cache es-define-property@https://registry.npmjs.org/es-define-property/-/es-define-property-1.0.1.tgz 0ms (cache hit)
238 http cache es-abstract-get@https://registry.npmjs.org/es-abstract-get/-/es-abstract-get-1.0.0.tgz 0ms (cache hit)
239 http cache es-abstract@https://registry.npmjs.org/es-abstract/-/es-abstract-1.24.2.tgz 0ms (cache hit)
240 http cache encodeurl@https://registry.npmjs.org/encodeurl/-/encodeurl-2.0.0.tgz 0ms (cache hit)
241 http cache ee-first@https://registry.npmjs.org/ee-first/-/ee-first-1.1.1.tgz 0ms (cache hit)
242 http cache dunder-proto@https://registry.npmjs.org/dunder-proto/-/dunder-proto-1.0.1.tgz 0ms (cache hit)
243 http cache doctrine@https://registry.npmjs.org/doctrine/-/doctrine-3.0.0.tgz 0ms (cache hit)
244 http cache depd@https://registry.npmjs.org/depd/-/depd-2.0.0.tgz 0ms (cache hit)
245 http cache define-properties@https://registry.npmjs.org/define-properties/-/define-properties-1.2.1.tgz 0ms (cache hit)
246 http cache define-data-property@https://registry.npmjs.org/define-data-property/-/define-data-property-1.1.4.tgz 0ms (cache hit)
247 http cache deep-is@https://registry.npmjs.org/deep-is/-/deep-is-0.1.4.tgz 0ms (cache hit)
248 http cache debug@https://registry.npmjs.org/debug/-/debug-4.4.3.tgz 0ms (cache hit)
249 http cache data-view-byte-offset@https://registry.npmjs.org/data-view-byte-offset/-/data-view-byte-offset-1.0.1.tgz 0ms (cache hit)
250 http cache data-view-byte-length@https://registry.npmjs.org/data-view-byte-length/-/data-view-byte-length-1.0.2.tgz 0ms (cache hit)
251 http cache data-view-buffer@https://registry.npmjs.org/data-view-buffer/-/data-view-buffer-1.0.2.tgz 0ms (cache hit)
252 http cache cross-spawn@https://registry.npmjs.org/cross-spawn/-/cross-spawn-7.0.6.tgz 0ms (cache hit)
253 http cache cookie-signature@https://registry.npmjs.org/cookie-signature/-/cookie-signature-1.2.2.tgz 0ms (cache hit)
254 http cache cookie@https://registry.npmjs.org/cookie/-/cookie-0.7.2.tgz 0ms (cache hit)
255 http cache content-type@https://registry.npmjs.org/content-type/-/content-type-1.0.5.tgz 0ms (cache hit)
256 http cache content-disposition@https://registry.npmjs.org/content-disposition/-/content-disposition-1.1.0.tgz 0ms (cache hit)
257 http cache confusing-browser-globals@https://registry.npmjs.org/confusing-browser-globals/-/confusing-browser-globals-1.0.11.tgz 0ms (cache hit)
258 http cache concat-map@https://registry.npmjs.org/concat-map/-/concat-map-0.0.1.tgz 0ms (cache hit)
259 http cache color-name@https://registry.npmjs.org/color-name/-/color-name-1.1.4.tgz 0ms (cache hit)
260 http cache color-convert@https://registry.npmjs.org/color-convert/-/color-convert-2.0.1.tgz 0ms (cache hit)
261 http cache chokidar@https://registry.npmjs.org/chokidar/-/chokidar-3.6.0.tgz 0ms (cache hit)
262 http cache chalk@https://registry.npmjs.org/chalk/-/chalk-4.1.2.tgz 0ms (cache hit)
263 http cache callsites@https://registry.npmjs.org/callsites/-/callsites-3.1.0.tgz 0ms (cache hit)
264 http cache call-bound@https://registry.npmjs.org/call-bound/-/call-bound-1.0.4.tgz 0ms (cache hit)
265 http cache call-bind-apply-helpers@https://registry.npmjs.org/call-bind-apply-helpers/-/call-bind-apply-helpers-1.0.2.tgz 0ms (cache hit)
266 http cache call-bind@https://registry.npmjs.org/call-bind/-/call-bind-1.0.9.tgz 0ms (cache hit)
267 http cache bytes@https://registry.npmjs.org/bytes/-/bytes-3.1.2.tgz 0ms (cache hit)
268 http cache bson@https://registry.npmjs.org/bson/-/bson-7.3.1.tgz 0ms (cache hit)
269 http cache braces@https://registry.npmjs.org/braces/-/braces-3.0.3.tgz 0ms (cache hit)
270 http cache brace-expansion@https://registry.npmjs.org/brace-expansion/-/brace-expansion-1.1.15.tgz 0ms (cache hit)
271 http cache body-parser@https://registry.npmjs.org/body-parser/-/body-parser-2.3.0.tgz 0ms (cache hit)
272 http cache binary-extensions@https://registry.npmjs.org/binary-extensions/-/binary-extensions-2.3.0.tgz 0ms (cache hit)
273 http cache balanced-match@https://registry.npmjs.org/balanced-match/-/balanced-match-1.0.2.tgz 0ms (cache hit)
274 http cache available-typed-arrays@https://registry.npmjs.org/available-typed-arrays/-/available-typed-arrays-1.0.7.tgz 0ms (cache hit)
275 http cache async-function@https://registry.npmjs.org/async-function/-/async-function-1.0.0.tgz 0ms (cache hit)
276 http cache arraybuffer.prototype.slice@https://registry.npmjs.org/arraybuffer.prototype.slice/-/arraybuffer.prototype.slice-1.0.4.tgz 0ms (cache hit)
277 http cache array.prototype.flatmap@https://registry.npmjs.org/array.prototype.flatmap/-/array.prototype.flatmap-1.3.3.tgz 0ms (cache hit)
278 http cache array.prototype.flat@https://registry.npmjs.org/array.prototype.flat/-/array.prototype.flat-1.3.3.tgz 0ms (cache hit)
279 http cache array.prototype.findlastindex@https://registry.npmjs.org/array.prototype.findlastindex/-/array.prototype.findlastindex-1.2.6.tgz 0ms (cache hit)
280 http cache array-includes@https://registry.npmjs.org/array-includes/-/array-includes-3.1.9.tgz 0ms (cache hit)
281 http cache array-buffer-byte-length@https://registry.npmjs.org/array-buffer-byte-length/-/array-buffer-byte-length-1.0.2.tgz 0ms (cache hit)
282 http cache argparse@https://registry.npmjs.org/argparse/-/argparse-2.0.1.tgz 0ms (cache hit)
283 http cache anymatch@https://registry.npmjs.org/anymatch/-/anymatch-3.1.3.tgz 0ms (cache hit)
284 http cache ansi-styles@https://registry.npmjs.org/ansi-styles/-/ansi-styles-4.3.0.tgz 0ms (cache hit)
285 http cache ansi-regex@https://registry.npmjs.org/ansi-regex/-/ansi-regex-5.0.1.tgz 0ms (cache hit)
286 http cache ajv@https://registry.npmjs.org/ajv/-/ajv-6.15.0.tgz 0ms (cache hit)
287 http cache acorn-jsx@https://registry.npmjs.org/acorn-jsx/-/acorn-jsx-5.3.2.tgz 0ms (cache hit)
288 http cache acorn@https://registry.npmjs.org/acorn/-/acorn-8.17.0.tgz 0ms (cache hit)
289 http cache accepts@https://registry.npmjs.org/accepts/-/accepts-2.0.0.tgz 0ms (cache hit)
290 http cache @ungap/structured-clone@https://registry.npmjs.org/@ungap/structured-clone/-/structured-clone-1.3.2.tgz 0ms (cache hit)
291 http cache @types/whatwg-url@https://registry.npmjs.org/@types/whatwg-url/-/whatwg-url-13.0.0.tgz 0ms (cache hit)
292 http cache @types/webidl-conversions@https://registry.npmjs.org/@types/webidl-conversions/-/webidl-conversions-7.0.3.tgz 0ms (cache hit)
293 http cache @types/json5@https://registry.npmjs.org/@types/json5/-/json5-0.0.29.tgz 0ms (cache hit)
294 http cache @standard-schema/spec@https://registry.npmjs.org/@standard-schema/spec/-/spec-1.1.0.tgz 0ms (cache hit)
295 http cache @rtsao/scc@https://registry.npmjs.org/@rtsao/scc/-/scc-1.1.0.tgz 0ms (cache hit)
296 http cache @nodelib/fs.walk@https://registry.npmjs.org/@nodelib/fs.walk/-/fs.walk-1.2.8.tgz 0ms (cache hit)
297 http cache @nodelib/fs.stat@https://registry.npmjs.org/@nodelib/fs.stat/-/fs.stat-2.0.5.tgz 0ms (cache hit)
298 http cache @nodelib/fs.scandir@https://registry.npmjs.org/@nodelib/fs.scandir/-/fs.scandir-2.1.5.tgz 0ms (cache hit)
299 http cache @mongodb-js/saslprep@https://registry.npmjs.org/@mongodb-js/saslprep/-/saslprep-1.4.12.tgz 0ms (cache hit)
300 http cache @humanwhocodes/object-schema@https://registry.npmjs.org/@humanwhocodes/object-schema/-/object-schema-2.0.3.tgz 0ms (cache hit)
301 http cache @humanwhocodes/module-importer@https://registry.npmjs.org/@humanwhocodes/module-importer/-/module-importer-1.0.1.tgz 0ms (cache hit)
302 http cache @humanwhocodes/config-array@https://registry.npmjs.org/@humanwhocodes/config-array/-/config-array-0.13.0.tgz 0ms (cache hit)
303 http cache @eslint/js@https://registry.npmjs.org/@eslint/js/-/js-8.57.1.tgz 0ms (cache hit)
304 http cache @eslint/eslintrc@https://registry.npmjs.org/@eslint/eslintrc/-/eslintrc-2.1.4.tgz 0ms (cache hit)
305 http cache @eslint-community/regexpp@https://registry.npmjs.org/@eslint-community/regexpp/-/regexpp-4.12.2.tgz 0ms (cache hit)
306 http cache @eslint-community/eslint-utils@https://registry.npmjs.org/@eslint-community/eslint-utils/-/eslint-utils-4.9.1.tgz 0ms (cache hit)
307 http cache semver@https://registry.npmjs.org/semver/-/semver-7.8.5.tgz 0ms (cache hit)
308 http cache supports-color@https://registry.npmjs.org/supports-color/-/supports-color-5.5.0.tgz 0ms (cache hit)
309 http cache semver@https://registry.npmjs.org/semver/-/semver-7.8.5.tgz 0ms (cache hit)
310 http cache minimatch@https://registry.npmjs.org/minimatch/-/minimatch-10.2.5.tgz 0ms (cache hit)
311 http cache has-flag@https://registry.npmjs.org/has-flag/-/has-flag-3.0.0.tgz 0ms (cache hit)
312 http cache brace-expansion@https://registry.npmjs.org/brace-expansion/-/brace-expansion-5.0.6.tgz 0ms (cache hit)
313 http cache balanced-match@https://registry.npmjs.org/balanced-match/-/balanced-match-4.0.4.tgz 0ms (cache hit)
314 http cache doctrine@https://registry.npmjs.org/doctrine/-/doctrine-2.1.0.tgz 0ms (cache hit)
315 http cache debug@https://registry.npmjs.org/debug/-/debug-3.2.7.tgz 0ms (cache hit)
316 http cache debug@https://registry.npmjs.org/debug/-/debug-3.2.7.tgz 0ms (cache hit)
317 http cache debug@https://registry.npmjs.org/debug/-/debug-3.2.7.tgz 0ms (cache hit)
318 http cache glob-parent@https://registry.npmjs.org/glob-parent/-/glob-parent-5.1.2.tgz 0ms (cache hit)
319 http cache content-type@https://registry.npmjs.org/content-type/-/content-type-2.0.0.tgz 0ms (cache hit)
320 silly tarball no local data for yocto-queue@https://registry.npmjs.org/yocto-queue/-/yocto-queue-0.1.0.tgz. Extracting by manifest.
321 silly tarball no local data for wrappy@https://registry.npmjs.org/wrappy/-/wrappy-1.0.2.tgz. Extracting by manifest.
322 silly tarball no local data for word-wrap@https://registry.npmjs.org/word-wrap/-/word-wrap-1.2.5.tgz. Extracting by manifest.
323 silly tarball no local data for which-typed-array@https://registry.npmjs.org/which-typed-array/-/which-typed-array-1.1.22.tgz. Extracting by manifest.
324 silly tarball no local data for which-collection@https://registry.npmjs.org/which-collection/-/which-collection-1.0.2.tgz. Extracting by manifest.
325 silly tarball no local data for which-builtin-type@https://registry.npmjs.org/which-builtin-type/-/which-builtin-type-1.2.1.tgz. Extracting by manifest.
326 silly tarball no local data for which-boxed-primitive@https://registry.npmjs.org/which-boxed-primitive/-/which-boxed-primitive-1.1.1.tgz. Extracting by manifest.
327 silly tarball no local data for which@https://registry.npmjs.org/which/-/which-2.0.2.tgz. Extracting by manifest.
328 silly tarball no local data for whatwg-url@https://registry.npmjs.org/whatwg-url/-/whatwg-url-14.2.0.tgz. Extracting by manifest.
329 silly tarball no local data for webidl-conversions@https://registry.npmjs.org/webidl-conversions/-/webidl-conversions-7.0.0.tgz. Extracting by manifest.
330 silly tarball no local data for vary@https://registry.npmjs.org/vary/-/vary-1.1.2.tgz. Extracting by manifest.
331 silly tarball no local data for uri-js@https://registry.npmjs.org/uri-js/-/uri-js-4.4.1.tgz. Extracting by manifest.
332 silly tarball no local data for unpipe@https://registry.npmjs.org/unpipe/-/unpipe-1.0.0.tgz. Extracting by manifest.
333 silly tarball no local data for undefsafe@https://registry.npmjs.org/undefsafe/-/undefsafe-2.0.5.tgz. Extracting by manifest.
334 silly tarball no local data for unbox-primitive@https://registry.npmjs.org/unbox-primitive/-/unbox-primitive-1.1.0.tgz. Extracting by manifest.
335 silly tarball no local data for typed-array-length@https://registry.npmjs.org/typed-array-length/-/typed-array-length-1.0.8.tgz. Extracting by manifest.
336 silly tarball no local data for typed-array-byte-offset@https://registry.npmjs.org/typed-array-byte-offset/-/typed-array-byte-offset-1.0.4.tgz. Extracting by manifest.
337 silly tarball no local data for typed-array-byte-length@https://registry.npmjs.org/typed-array-byte-length/-/typed-array-byte-length-1.0.3.tgz. Extracting by manifest.
338 silly tarball no local data for typed-array-buffer@https://registry.npmjs.org/typed-array-buffer/-/typed-array-buffer-1.0.3.tgz. Extracting by manifest.
339 silly tarball no local data for type-is@https://registry.npmjs.org/type-is/-/type-is-2.1.0.tgz. Extracting by manifest.
340 silly tarball no local data for type-fest@https://registry.npmjs.org/type-fest/-/type-fest-0.20.2.tgz. Extracting by manifest.
341 silly tarball no local data for type-check@https://registry.npmjs.org/type-check/-/type-check-0.4.0.tgz. Extracting by manifest.
342 silly tarball no local data for tsconfig-paths@https://registry.npmjs.org/tsconfig-paths/-/tsconfig-paths-3.15.0.tgz. Extracting by manifest.
343 silly tarball no local data for tr46@https://registry.npmjs.org/tr46/-/tr46-5.1.1.tgz. Extracting by manifest.
344 silly tarball no local data for touch@https://registry.npmjs.org/touch/-/touch-3.1.1.tgz. Extracting by manifest.
345 silly tarball no local data for toidentifier@https://registry.npmjs.org/toidentifier/-/toidentifier-1.0.1.tgz. Extracting by manifest.
346 silly tarball no local data for to-regex-range@https://registry.npmjs.org/to-regex-range/-/to-regex-range-5.0.1.tgz. Extracting by manifest.
347 silly tarball no local data for text-table@https://registry.npmjs.org/text-table/-/text-table-0.2.0.tgz. Extracting by manifest.
348 silly tarball no local data for supports-preserve-symlinks-flag@https://registry.npmjs.org/supports-preserve-symlinks-flag/-/supports-preserve-symlinks-flag-1.0.0.tgz. Extracting by manifest.
349 silly tarball no local data for supports-color@https://registry.npmjs.org/supports-color/-/supports-color-7.2.0.tgz. Extracting by manifest.
350 silly tarball no local data for strip-json-comments@https://registry.npmjs.org/strip-json-comments/-/strip-json-comments-3.1.1.tgz. Extracting by manifest.
351 silly tarball no local data for strip-bom@https://registry.npmjs.org/strip-bom/-/strip-bom-3.0.0.tgz. Extracting by manifest.
352 silly tarball no local data for strip-ansi@https://registry.npmjs.org/strip-ansi/-/strip-ansi-6.0.1.tgz. Extracting by manifest.
353 silly tarball no local data for string.prototype.trimstart@https://registry.npmjs.org/string.prototype.trimstart/-/string.prototype.trimstart-1.0.8.tgz. Extracting by manifest.
354 silly tarball no local data for string.prototype.trimend@https://registry.npmjs.org/string.prototype.trimend/-/string.prototype.trimend-1.0.10.tgz. Extracting by manifest.
355 silly tarball no local data for string.prototype.trim@https://registry.npmjs.org/string.prototype.trim/-/string.prototype.trim-1.2.11.tgz. Extracting by manifest.
356 silly tarball no local data for stop-iteration-iterator@https://registry.npmjs.org/stop-iteration-iterator/-/stop-iteration-iterator-1.1.0.tgz. Extracting by manifest.
357 silly tarball no local data for statuses@https://registry.npmjs.org/statuses/-/statuses-2.0.2.tgz. Extracting by manifest.
358 silly tarball no local data for sparse-bitfield@https://registry.npmjs.org/sparse-bitfield/-/sparse-bitfield-3.0.3.tgz. Extracting by manifest.
359 silly tarball no local data for simple-update-notifier@https://registry.npmjs.org/simple-update-notifier/-/simple-update-notifier-2.0.0.tgz. Extracting by manifest.
360 silly tarball no local data for sift@https://registry.npmjs.org/sift/-/sift-17.1.3.tgz. Extracting by manifest.
361 silly tarball no local data for side-channel-weakmap@https://registry.npmjs.org/side-channel-weakmap/-/side-channel-weakmap-1.0.2.tgz. Extracting by manifest.
362 silly tarball no local data for side-channel-map@https://registry.npmjs.org/side-channel-map/-/side-channel-map-1.0.1.tgz. Extracting by manifest.
363 silly tarball no local data for side-channel-list@https://registry.npmjs.org/side-channel-list/-/side-channel-list-1.0.1.tgz. Extracting by manifest.
364 silly tarball no local data for side-channel@https://registry.npmjs.org/side-channel/-/side-channel-1.1.1.tgz. Extracting by manifest.
365 silly tarball no local data for shebang-regex@https://registry.npmjs.org/shebang-regex/-/shebang-regex-3.0.0.tgz. Extracting by manifest.
366 silly tarball no local data for shebang-command@https://registry.npmjs.org/shebang-command/-/shebang-command-2.0.0.tgz. Extracting by manifest.
367 silly tarball no local data for setprototypeof@https://registry.npmjs.org/setprototypeof/-/setprototypeof-1.2.0.tgz. Extracting by manifest.
368 silly tarball no local data for set-proto@https://registry.npmjs.org/set-proto/-/set-proto-1.0.0.tgz. Extracting by manifest.
369 silly tarball no local data for set-function-name@https://registry.npmjs.org/set-function-name/-/set-function-name-2.0.2.tgz. Extracting by manifest.
370 silly tarball no local data for set-function-length@https://registry.npmjs.org/set-function-length/-/set-function-length-1.2.2.tgz. Extracting by manifest.
371 silly tarball no local data for serve-static@https://registry.npmjs.org/serve-static/-/serve-static-2.2.1.tgz. Extracting by manifest.
372 silly tarball no local data for send@https://registry.npmjs.org/send/-/send-1.2.1.tgz. Extracting by manifest.
373 silly tarball no local data for semver@https://registry.npmjs.org/semver/-/semver-6.3.1.tgz. Extracting by manifest.
374 silly tarball no local data for safer-buffer@https://registry.npmjs.org/safer-buffer/-/safer-buffer-2.1.2.tgz. Extracting by manifest.
375 silly tarball no local data for safe-regex-test@https://registry.npmjs.org/safe-regex-test/-/safe-regex-test-1.1.0.tgz. Extracting by manifest.
376 silly tarball no local data for safe-push-apply@https://registry.npmjs.org/safe-push-apply/-/safe-push-apply-1.0.0.tgz. Extracting by manifest.
377 silly tarball no local data for safe-array-concat@https://registry.npmjs.org/safe-array-concat/-/safe-array-concat-1.1.4.tgz. Extracting by manifest.
378 silly tarball no local data for run-parallel@https://registry.npmjs.org/run-parallel/-/run-parallel-1.2.0.tgz. Extracting by manifest.
379 silly tarball no local data for router@https://registry.npmjs.org/router/-/router-2.2.0.tgz. Extracting by manifest.
380 silly tarball no local data for rimraf@https://registry.npmjs.org/rimraf/-/rimraf-3.0.2.tgz. Extracting by manifest.
381 silly tarball no local data for reusify@https://registry.npmjs.org/reusify/-/reusify-1.1.0.tgz. Extracting by manifest.
382 silly tarball no local data for resolve-from@https://registry.npmjs.org/resolve-from/-/resolve-from-4.0.0.tgz. Extracting by manifest.
383 silly tarball no local data for resolve@https://registry.npmjs.org/resolve/-/resolve-2.0.0-next.7.tgz. Extracting by manifest.
384 silly tarball no local data for regexp.prototype.flags@https://registry.npmjs.org/regexp.prototype.flags/-/regexp.prototype.flags-1.5.4.tgz. Extracting by manifest.
385 silly tarball no local data for reflect.getprototypeof@https://registry.npmjs.org/reflect.getprototypeof/-/reflect.getprototypeof-1.0.10.tgz. Extracting by manifest.
386 silly tarball no local data for readdirp@https://registry.npmjs.org/readdirp/-/readdirp-3.6.0.tgz. Extracting by manifest.
387 silly tarball no local data for raw-body@https://registry.npmjs.org/raw-body/-/raw-body-3.0.2.tgz. Extracting by manifest.
388 silly tarball no local data for range-parser@https://registry.npmjs.org/range-parser/-/range-parser-1.2.1.tgz. Extracting by manifest.
389 silly tarball no local data for queue-microtask@https://registry.npmjs.org/queue-microtask/-/queue-microtask-1.2.3.tgz. Extracting by manifest.
390 silly tarball no local data for qs@https://registry.npmjs.org/qs/-/qs-6.15.3.tgz. Extracting by manifest.
391 silly tarball no local data for punycode@https://registry.npmjs.org/punycode/-/punycode-2.3.1.tgz. Extracting by manifest.
392 silly tarball no local data for pstree.remy@https://registry.npmjs.org/pstree.remy/-/pstree.remy-1.1.8.tgz. Extracting by manifest.
393 silly tarball no local data for proxy-addr@https://registry.npmjs.org/proxy-addr/-/proxy-addr-2.0.7.tgz. Extracting by manifest.
394 silly tarball no local data for prelude-ls@https://registry.npmjs.org/prelude-ls/-/prelude-ls-1.2.1.tgz. Extracting by manifest.
395 silly tarball no local data for possible-typed-array-names@https://registry.npmjs.org/possible-typed-array-names/-/possible-typed-array-names-1.1.0.tgz. Extracting by manifest.
396 silly tarball no local data for picomatch@https://registry.npmjs.org/picomatch/-/picomatch-2.3.2.tgz. Extracting by manifest.
397 silly tarball no local data for path-to-regexp@https://registry.npmjs.org/path-to-regexp/-/path-to-regexp-8.4.2.tgz. Extracting by manifest.
398 silly tarball no local data for path-parse@https://registry.npmjs.org/path-parse/-/path-parse-1.0.7.tgz. Extracting by manifest.
399 silly tarball no local data for path-key@https://registry.npmjs.org/path-key/-/path-key-3.1.1.tgz. Extracting by manifest.
400 silly tarball no local data for path-is-absolute@https://registry.npmjs.org/path-is-absolute/-/path-is-absolute-1.0.1.tgz. Extracting by manifest.
401 silly tarball no local data for path-exists@https://registry.npmjs.org/path-exists/-/path-exists-4.0.0.tgz. Extracting by manifest.
402 silly tarball no local data for parseurl@https://registry.npmjs.org/parseurl/-/parseurl-1.3.3.tgz. Extracting by manifest.
403 silly tarball no local data for parent-module@https://registry.npmjs.org/parent-module/-/parent-module-1.0.1.tgz. Extracting by manifest.
404 silly tarball no local data for p-locate@https://registry.npmjs.org/p-locate/-/p-locate-5.0.0.tgz. Extracting by manifest.
405 silly tarball no local data for p-limit@https://registry.npmjs.org/p-limit/-/p-limit-3.1.0.tgz. Extracting by manifest.
406 silly tarball no local data for own-keys@https://registry.npmjs.org/own-keys/-/own-keys-1.0.1.tgz. Extracting by manifest.
407 silly tarball no local data for optionator@https://registry.npmjs.org/optionator/-/optionator-0.9.4.tgz. Extracting by manifest.
408 silly tarball no local data for once@https://registry.npmjs.org/once/-/once-1.4.0.tgz. Extracting by manifest.
409 silly tarball no local data for on-finished@https://registry.npmjs.org/on-finished/-/on-finished-2.4.1.tgz. Extracting by manifest.
410 silly tarball no local data for object.values@https://registry.npmjs.org/object.values/-/object.values-1.2.1.tgz. Extracting by manifest.
411 silly tarball no local data for object.groupby@https://registry.npmjs.org/object.groupby/-/object.groupby-1.0.3.tgz. Extracting by manifest.
412 silly tarball no local data for object.fromentries@https://registry.npmjs.org/object.fromentries/-/object.fromentries-2.0.8.tgz. Extracting by manifest.
413 silly tarball no local data for object.entries@https://registry.npmjs.org/object.entries/-/object.entries-1.1.9.tgz. Extracting by manifest.
414 silly tarball no local data for object.assign@https://registry.npmjs.org/object.assign/-/object.assign-4.1.7.tgz. Extracting by manifest.
415 silly tarball no local data for object-keys@https://registry.npmjs.org/object-keys/-/object-keys-1.1.1.tgz. Extracting by manifest.
416 silly tarball no local data for object-inspect@https://registry.npmjs.org/object-inspect/-/object-inspect-1.13.4.tgz. Extracting by manifest.
417 silly tarball no local data for normalize-path@https://registry.npmjs.org/normalize-path/-/normalize-path-3.0.0.tgz. Extracting by manifest.
418 silly tarball no local data for nodemon@https://registry.npmjs.org/nodemon/-/nodemon-3.1.14.tgz. Extracting by manifest.
419 silly tarball no local data for node-exports-info@https://registry.npmjs.org/node-exports-info/-/node-exports-info-1.6.2.tgz. Extracting by manifest.
420 silly tarball no local data for negotiator@https://registry.npmjs.org/negotiator/-/negotiator-1.0.0.tgz. Extracting by manifest.
421 silly tarball no local data for natural-compare@https://registry.npmjs.org/natural-compare/-/natural-compare-1.4.0.tgz. Extracting by manifest.
422 silly tarball no local data for ms@https://registry.npmjs.org/ms/-/ms-2.1.3.tgz. Extracting by manifest.
423 silly tarball no local data for mquery@https://registry.npmjs.org/mquery/-/mquery-6.0.0.tgz. Extracting by manifest.
424 silly tarball no local data for mpath@https://registry.npmjs.org/mpath/-/mpath-0.9.0.tgz. Extracting by manifest.
425 silly tarball no local data for mongoose@https://registry.npmjs.org/mongoose/-/mongoose-9.7.3.tgz. Extracting by manifest.
426 silly tarball no local data for mongodb-connection-string-url@https://registry.npmjs.org/mongodb-connection-string-url/-/mongodb-connection-string-url-7.0.1.tgz. Extracting by manifest.
427 silly tarball no local data for mongodb@https://registry.npmjs.org/mongodb/-/mongodb-7.2.0.tgz. Extracting by manifest.
428 silly tarball no local data for minimist@https://registry.npmjs.org/minimist/-/minimist-1.2.8.tgz. Extracting by manifest.
429 silly tarball no local data for minimatch@https://registry.npmjs.org/minimatch/-/minimatch-3.1.5.tgz. Extracting by manifest.
430 silly tarball no local data for mime-types@https://registry.npmjs.org/mime-types/-/mime-types-3.0.2.tgz. Extracting by manifest.
431 silly tarball no local data for mime-db@https://registry.npmjs.org/mime-db/-/mime-db-1.54.0.tgz. Extracting by manifest.
432 silly tarball no local data for merge-descriptors@https://registry.npmjs.org/merge-descriptors/-/merge-descriptors-2.0.0.tgz. Extracting by manifest.
433 silly tarball no local data for memory-pager@https://registry.npmjs.org/memory-pager/-/memory-pager-1.5.0.tgz. Extracting by manifest.
434 silly tarball no local data for media-typer@https://registry.npmjs.org/media-typer/-/media-typer-1.1.0.tgz. Extracting by manifest.
435 silly tarball no local data for math-intrinsics@https://registry.npmjs.org/math-intrinsics/-/math-intrinsics-1.1.0.tgz. Extracting by manifest.
436 silly tarball no local data for lodash.merge@https://registry.npmjs.org/lodash.merge/-/lodash.merge-4.6.2.tgz. Extracting by manifest.
437 silly tarball no local data for locate-path@https://registry.npmjs.org/locate-path/-/locate-path-6.0.0.tgz. Extracting by manifest.
438 silly tarball no local data for levn@https://registry.npmjs.org/levn/-/levn-0.4.1.tgz. Extracting by manifest.
439 silly tarball no local data for keyv@https://registry.npmjs.org/keyv/-/keyv-4.5.4.tgz. Extracting by manifest.
440 silly tarball no local data for kareem@https://registry.npmjs.org/kareem/-/kareem-3.3.0.tgz. Extracting by manifest.
441 silly tarball no local data for json5@https://registry.npmjs.org/json5/-/json5-1.0.2.tgz. Extracting by manifest.
442 silly tarball no local data for json-stable-stringify-without-jsonify@https://registry.npmjs.org/json-stable-stringify-without-jsonify/-/json-stable-stringify-without-jsonify-1.0.1.tgz. Extracting by manifest.
443 silly tarball no local data for json-buffer@https://registry.npmjs.org/json-buffer/-/json-buffer-3.0.1.tgz. Extracting by manifest.
444 silly tarball no local data for js-yaml@https://registry.npmjs.org/js-yaml/-/js-yaml-4.2.0.tgz. Extracting by manifest.
445 silly tarball no local data for json-schema-traverse@https://registry.npmjs.org/json-schema-traverse/-/json-schema-traverse-0.4.1.tgz. Extracting by manifest.
446 silly tarball no local data for isexe@https://registry.npmjs.org/isexe/-/isexe-2.0.0.tgz. Extracting by manifest.
447 silly tarball no local data for isarray@https://registry.npmjs.org/isarray/-/isarray-2.0.5.tgz. Extracting by manifest.
448 silly tarball no local data for is-weakset@https://registry.npmjs.org/is-weakset/-/is-weakset-2.0.4.tgz. Extracting by manifest.
449 silly tarball no local data for is-weakref@https://registry.npmjs.org/is-weakref/-/is-weakref-1.1.1.tgz. Extracting by manifest.
450 silly tarball no local data for is-weakmap@https://registry.npmjs.org/is-weakmap/-/is-weakmap-2.0.2.tgz. Extracting by manifest.
451 silly tarball no local data for is-typed-array@https://registry.npmjs.org/is-typed-array/-/is-typed-array-1.1.15.tgz. Extracting by manifest.
452 silly tarball no local data for is-symbol@https://registry.npmjs.org/is-symbol/-/is-symbol-1.1.1.tgz. Extracting by manifest.
453 silly tarball no local data for is-string@https://registry.npmjs.org/is-string/-/is-string-1.1.1.tgz. Extracting by manifest.
454 silly tarball no local data for is-shared-array-buffer@https://registry.npmjs.org/is-shared-array-buffer/-/is-shared-array-buffer-1.0.4.tgz. Extracting by manifest.
455 silly tarball no local data for is-set@https://registry.npmjs.org/is-set/-/is-set-2.0.3.tgz. Extracting by manifest.
456 silly tarball no local data for is-regex@https://registry.npmjs.org/is-regex/-/is-regex-1.2.1.tgz. Extracting by manifest.
457 silly tarball no local data for is-promise@https://registry.npmjs.org/is-promise/-/is-promise-4.0.0.tgz. Extracting by manifest.
458 silly tarball no local data for is-path-inside@https://registry.npmjs.org/is-path-inside/-/is-path-inside-3.0.3.tgz. Extracting by manifest.
459 silly tarball no local data for is-number-object@https://registry.npmjs.org/is-number-object/-/is-number-object-1.1.1.tgz. Extracting by manifest.
460 silly tarball no local data for is-number@https://registry.npmjs.org/is-number/-/is-number-7.0.0.tgz. Extracting by manifest.
461 silly tarball no local data for is-negative-zero@https://registry.npmjs.org/is-negative-zero/-/is-negative-zero-2.0.3.tgz. Extracting by manifest.
462 silly tarball no local data for is-map@https://registry.npmjs.org/is-map/-/is-map-2.0.3.tgz. Extracting by manifest.
463 silly tarball no local data for is-glob@https://registry.npmjs.org/is-glob/-/is-glob-4.0.3.tgz. Extracting by manifest.
464 silly tarball no local data for is-generator-function@https://registry.npmjs.org/is-generator-function/-/is-generator-function-1.1.2.tgz. Extracting by manifest.
465 silly tarball no local data for is-finalizationregistry@https://registry.npmjs.org/is-finalizationregistry/-/is-finalizationregistry-1.1.1.tgz. Extracting by manifest.
466 silly tarball no local data for is-extglob@https://registry.npmjs.org/is-extglob/-/is-extglob-2.1.1.tgz. Extracting by manifest.
467 silly tarball no local data for is-document.all@https://registry.npmjs.org/is-document.all/-/is-document.all-1.0.0.tgz. Extracting by manifest.
468 silly tarball no local data for is-date-object@https://registry.npmjs.org/is-date-object/-/is-date-object-1.1.0.tgz. Extracting by manifest.
469 silly tarball no local data for is-data-view@https://registry.npmjs.org/is-data-view/-/is-data-view-1.0.2.tgz. Extracting by manifest.
470 silly tarball no local data for is-core-module@https://registry.npmjs.org/is-core-module/-/is-core-module-2.16.2.tgz. Extracting by manifest.
471 silly tarball no local data for is-callable@https://registry.npmjs.org/is-callable/-/is-callable-1.2.7.tgz. Extracting by manifest.
472 silly tarball no local data for is-boolean-object@https://registry.npmjs.org/is-boolean-object/-/is-boolean-object-1.2.2.tgz. Extracting by manifest.
473 silly tarball no local data for is-binary-path@https://registry.npmjs.org/is-binary-path/-/is-binary-path-2.1.0.tgz. Extracting by manifest.
474 silly tarball no local data for is-bigint@https://registry.npmjs.org/is-bigint/-/is-bigint-1.1.0.tgz. Extracting by manifest.
475 silly tarball no local data for is-async-function@https://registry.npmjs.org/is-async-function/-/is-async-function-2.1.1.tgz. Extracting by manifest.
476 silly tarball no local data for is-array-buffer@https://registry.npmjs.org/is-array-buffer/-/is-array-buffer-3.0.5.tgz. Extracting by manifest.
477 silly tarball no local data for ipaddr.js@https://registry.npmjs.org/ipaddr.js/-/ipaddr.js-1.9.1.tgz. Extracting by manifest.
478 silly tarball no local data for internal-slot@https://registry.npmjs.org/internal-slot/-/internal-slot-1.1.0.tgz. Extracting by manifest.
479 silly tarball no local data for inherits@https://registry.npmjs.org/inherits/-/inherits-2.0.4.tgz. Extracting by manifest.
480 silly tarball no local data for inflight@https://registry.npmjs.org/inflight/-/inflight-1.0.6.tgz. Extracting by manifest.
481 silly tarball no local data for imurmurhash@https://registry.npmjs.org/imurmurhash/-/imurmurhash-0.1.4.tgz. Extracting by manifest.
482 silly tarball no local data for import-fresh@https://registry.npmjs.org/import-fresh/-/import-fresh-3.3.1.tgz. Extracting by manifest.
483 silly tarball no local data for ignore-by-default@https://registry.npmjs.org/ignore-by-default/-/ignore-by-default-1.0.1.tgz. Extracting by manifest.
484 silly tarball no local data for ignore@https://registry.npmjs.org/ignore/-/ignore-5.3.2.tgz. Extracting by manifest.
485 silly tarball no local data for iconv-lite@https://registry.npmjs.org/iconv-lite/-/iconv-lite-0.7.2.tgz. Extracting by manifest.
486 silly tarball no local data for http-errors@https://registry.npmjs.org/http-errors/-/http-errors-2.0.1.tgz. Extracting by manifest.
487 silly tarball no local data for hasown@https://registry.npmjs.org/hasown/-/hasown-2.0.4.tgz. Extracting by manifest.
488 silly tarball no local data for has-tostringtag@https://registry.npmjs.org/has-tostringtag/-/has-tostringtag-1.0.2.tgz. Extracting by manifest.
489 silly tarball no local data for has-proto@https://registry.npmjs.org/has-proto/-/has-proto-1.2.0.tgz. Extracting by manifest.
490 silly tarball no local data for has-symbols@https://registry.npmjs.org/has-symbols/-/has-symbols-1.1.0.tgz. Extracting by manifest.
491 silly tarball no local data for has-property-descriptors@https://registry.npmjs.org/has-property-descriptors/-/has-property-descriptors-1.0.2.tgz. Extracting by manifest.
492 silly tarball no local data for has-bigints@https://registry.npmjs.org/has-bigints/-/has-bigints-1.1.0.tgz. Extracting by manifest.
493 silly tarball no local data for has-flag@https://registry.npmjs.org/has-flag/-/has-flag-4.0.0.tgz. Extracting by manifest.
494 silly tarball no local data for graphemer@https://registry.npmjs.org/graphemer/-/graphemer-1.4.0.tgz. Extracting by manifest.
495 silly tarball no local data for gopd@https://registry.npmjs.org/gopd/-/gopd-1.2.0.tgz. Extracting by manifest.
496 silly tarball no local data for globalthis@https://registry.npmjs.org/globalthis/-/globalthis-1.0.4.tgz. Extracting by manifest.
497 silly tarball no local data for globals@https://registry.npmjs.org/globals/-/globals-13.24.0.tgz. Extracting by manifest.
498 silly tarball no local data for glob-parent@https://registry.npmjs.org/glob-parent/-/glob-parent-6.0.2.tgz. Extracting by manifest.
499 silly tarball no local data for glob@https://registry.npmjs.org/glob/-/glob-7.2.3.tgz. Extracting by manifest.
500 silly tarball no local data for get-symbol-description@https://registry.npmjs.org/get-symbol-description/-/get-symbol-description-1.1.0.tgz. Extracting by manifest.
501 silly tarball no local data for get-proto@https://registry.npmjs.org/get-proto/-/get-proto-1.0.1.tgz. Extracting by manifest.
502 silly tarball no local data for get-intrinsic@https://registry.npmjs.org/get-intrinsic/-/get-intrinsic-1.3.0.tgz. Extracting by manifest.
503 silly tarball no local data for generator-function@https://registry.npmjs.org/generator-function/-/generator-function-2.0.1.tgz. Extracting by manifest.
504 silly tarball no local data for functions-have-names@https://registry.npmjs.org/functions-have-names/-/functions-have-names-1.2.3.tgz. Extracting by manifest.
505 silly tarball no local data for function.prototype.name@https://registry.npmjs.org/function.prototype.name/-/function.prototype.name-1.2.0.tgz. Extracting by manifest.
506 silly tarball no local data for fs.realpath@https://registry.npmjs.org/fs.realpath/-/fs.realpath-1.0.0.tgz. Extracting by manifest.
507 silly tarball no local data for fresh@https://registry.npmjs.org/fresh/-/fresh-2.0.0.tgz. Extracting by manifest.
508 silly tarball no local data for function-bind@https://registry.npmjs.org/function-bind/-/function-bind-1.1.2.tgz. Extracting by manifest.
509 silly tarball no local data for forwarded@https://registry.npmjs.org/forwarded/-/forwarded-0.2.0.tgz. Extracting by manifest.
510 silly tarball no local data for for-each@https://registry.npmjs.org/for-each/-/for-each-0.3.5.tgz. Extracting by manifest.
511 silly tarball no local data for flatted@https://registry.npmjs.org/flatted/-/flatted-3.4.2.tgz. Extracting by manifest.
512 silly tarball no local data for flat-cache@https://registry.npmjs.org/flat-cache/-/flat-cache-3.2.0.tgz. Extracting by manifest.
513 silly tarball no local data for find-up@https://registry.npmjs.org/find-up/-/find-up-5.0.0.tgz. Extracting by manifest.
514 silly tarball no local data for finalhandler@https://registry.npmjs.org/finalhandler/-/finalhandler-2.1.1.tgz. Extracting by manifest.
515 silly tarball no local data for fill-range@https://registry.npmjs.org/fill-range/-/fill-range-7.1.1.tgz. Extracting by manifest.
516 silly tarball no local data for file-entry-cache@https://registry.npmjs.org/file-entry-cache/-/file-entry-cache-6.0.1.tgz. Extracting by manifest.
517 silly tarball no local data for fastq@https://registry.npmjs.org/fastq/-/fastq-1.20.1.tgz. Extracting by manifest.
518 silly tarball no local data for fast-levenshtein@https://registry.npmjs.org/fast-levenshtein/-/fast-levenshtein-2.0.6.tgz. Extracting by manifest.
519 silly tarball no local data for fast-json-stable-stringify@https://registry.npmjs.org/fast-json-stable-stringify/-/fast-json-stable-stringify-2.1.0.tgz. Extracting by manifest.
520 silly tarball no local data for fast-deep-equal@https://registry.npmjs.org/fast-deep-equal/-/fast-deep-equal-3.1.3.tgz. Extracting by manifest.
521 silly tarball no local data for express@https://registry.npmjs.org/express/-/express-5.2.1.tgz. Extracting by manifest.
522 silly tarball no local data for etag@https://registry.npmjs.org/etag/-/etag-1.8.1.tgz. Extracting by manifest.
523 silly tarball no local data for esutils@https://registry.npmjs.org/esutils/-/esutils-2.0.3.tgz. Extracting by manifest.
524 silly tarball no local data for estraverse@https://registry.npmjs.org/estraverse/-/estraverse-5.3.0.tgz. Extracting by manifest.
525 silly tarball no local data for esrecurse@https://registry.npmjs.org/esrecurse/-/esrecurse-4.3.0.tgz. Extracting by manifest.
526 silly tarball no local data for esquery@https://registry.npmjs.org/esquery/-/esquery-1.7.0.tgz. Extracting by manifest.
527 silly tarball no local data for espree@https://registry.npmjs.org/espree/-/espree-9.6.1.tgz. Extracting by manifest.
528 silly tarball no local data for eslint-visitor-keys@https://registry.npmjs.org/eslint-visitor-keys/-/eslint-visitor-keys-3.4.3.tgz. Extracting by manifest.
529 silly tarball no local data for eslint-scope@https://registry.npmjs.org/eslint-scope/-/eslint-scope-7.2.2.tgz. Extracting by manifest.
530 silly tarball no local data for eslint-plugin-import@https://registry.npmjs.org/eslint-plugin-import/-/eslint-plugin-import-2.32.0.tgz. Extracting by manifest.
531 silly tarball no local data for eslint-module-utils@https://registry.npmjs.org/eslint-module-utils/-/eslint-module-utils-2.13.0.tgz. Extracting by manifest.
532 silly tarball no local data for eslint-import-resolver-node@https://registry.npmjs.org/eslint-import-resolver-node/-/eslint-import-resolver-node-0.3.10.tgz. Extracting by manifest.
533 silly tarball no local data for eslint-config-airbnb-base@https://registry.npmjs.org/eslint-config-airbnb-base/-/eslint-config-airbnb-base-15.0.0.tgz. Extracting by manifest.
534 silly tarball no local data for eslint@https://registry.npmjs.org/eslint/-/eslint-8.57.1.tgz. Extracting by manifest.
535 silly tarball no local data for escape-string-regexp@https://registry.npmjs.org/escape-string-regexp/-/escape-string-regexp-4.0.0.tgz. Extracting by manifest.
536 silly tarball no local data for escape-html@https://registry.npmjs.org/escape-html/-/escape-html-1.0.3.tgz. Extracting by manifest.
537 silly tarball no local data for es-to-primitive@https://registry.npmjs.org/es-to-primitive/-/es-to-primitive-1.3.1.tgz. Extracting by manifest.
538 silly tarball no local data for es-shim-unscopables@https://registry.npmjs.org/es-shim-unscopables/-/es-shim-unscopables-1.1.0.tgz. Extracting by manifest.
539 silly tarball no local data for es-set-tostringtag@https://registry.npmjs.org/es-set-tostringtag/-/es-set-tostringtag-2.1.0.tgz. Extracting by manifest.
540 silly tarball no local data for es-object-atoms@https://registry.npmjs.org/es-object-atoms/-/es-object-atoms-1.1.2.tgz. Extracting by manifest.
541 silly tarball no local data for es-errors@https://registry.npmjs.org/es-errors/-/es-errors-1.3.0.tgz. Extracting by manifest.
542 silly tarball no local data for es-define-property@https://registry.npmjs.org/es-define-property/-/es-define-property-1.0.1.tgz. Extracting by manifest.
543 silly tarball no local data for es-abstract-get@https://registry.npmjs.org/es-abstract-get/-/es-abstract-get-1.0.0.tgz. Extracting by manifest.
544 silly tarball no local data for es-abstract@https://registry.npmjs.org/es-abstract/-/es-abstract-1.24.2.tgz. Extracting by manifest.
545 silly tarball no local data for encodeurl@https://registry.npmjs.org/encodeurl/-/encodeurl-2.0.0.tgz. Extracting by manifest.
546 silly tarball no local data for ee-first@https://registry.npmjs.org/ee-first/-/ee-first-1.1.1.tgz. Extracting by manifest.
547 silly tarball no local data for dunder-proto@https://registry.npmjs.org/dunder-proto/-/dunder-proto-1.0.1.tgz. Extracting by manifest.
548 silly tarball no local data for doctrine@https://registry.npmjs.org/doctrine/-/doctrine-3.0.0.tgz. Extracting by manifest.
549 silly tarball no local data for depd@https://registry.npmjs.org/depd/-/depd-2.0.0.tgz. Extracting by manifest.
550 silly tarball no local data for define-properties@https://registry.npmjs.org/define-properties/-/define-properties-1.2.1.tgz. Extracting by manifest.
551 silly tarball no local data for define-data-property@https://registry.npmjs.org/define-data-property/-/define-data-property-1.1.4.tgz. Extracting by manifest.
552 silly tarball no local data for deep-is@https://registry.npmjs.org/deep-is/-/deep-is-0.1.4.tgz. Extracting by manifest.
553 silly tarball no local data for debug@https://registry.npmjs.org/debug/-/debug-4.4.3.tgz. Extracting by manifest.
554 silly tarball no local data for data-view-byte-offset@https://registry.npmjs.org/data-view-byte-offset/-/data-view-byte-offset-1.0.1.tgz. Extracting by manifest.
555 silly tarball no local data for data-view-byte-length@https://registry.npmjs.org/data-view-byte-length/-/data-view-byte-length-1.0.2.tgz. Extracting by manifest.
556 silly tarball no local data for data-view-buffer@https://registry.npmjs.org/data-view-buffer/-/data-view-buffer-1.0.2.tgz. Extracting by manifest.
557 silly tarball no local data for cross-spawn@https://registry.npmjs.org/cross-spawn/-/cross-spawn-7.0.6.tgz. Extracting by manifest.
558 silly tarball no local data for cookie-signature@https://registry.npmjs.org/cookie-signature/-/cookie-signature-1.2.2.tgz. Extracting by manifest.
559 silly tarball no local data for cookie@https://registry.npmjs.org/cookie/-/cookie-0.7.2.tgz. Extracting by manifest.
560 silly tarball no local data for content-type@https://registry.npmjs.org/content-type/-/content-type-1.0.5.tgz. Extracting by manifest.
561 silly tarball no local data for content-disposition@https://registry.npmjs.org/content-disposition/-/content-disposition-1.1.0.tgz. Extracting by manifest.
562 silly tarball no local data for confusing-browser-globals@https://registry.npmjs.org/confusing-browser-globals/-/confusing-browser-globals-1.0.11.tgz. Extracting by manifest.
563 silly tarball no local data for concat-map@https://registry.npmjs.org/concat-map/-/concat-map-0.0.1.tgz. Extracting by manifest.
564 silly tarball no local data for color-name@https://registry.npmjs.org/color-name/-/color-name-1.1.4.tgz. Extracting by manifest.
565 silly tarball no local data for color-convert@https://registry.npmjs.org/color-convert/-/color-convert-2.0.1.tgz. Extracting by manifest.
566 silly tarball no local data for chokidar@https://registry.npmjs.org/chokidar/-/chokidar-3.6.0.tgz. Extracting by manifest.
567 silly tarball no local data for chalk@https://registry.npmjs.org/chalk/-/chalk-4.1.2.tgz. Extracting by manifest.
568 silly tarball no local data for callsites@https://registry.npmjs.org/callsites/-/callsites-3.1.0.tgz. Extracting by manifest.
569 silly tarball no local data for call-bound@https://registry.npmjs.org/call-bound/-/call-bound-1.0.4.tgz. Extracting by manifest.
570 silly tarball no local data for call-bind-apply-helpers@https://registry.npmjs.org/call-bind-apply-helpers/-/call-bind-apply-helpers-1.0.2.tgz. Extracting by manifest.
571 silly tarball no local data for call-bind@https://registry.npmjs.org/call-bind/-/call-bind-1.0.9.tgz. Extracting by manifest.
572 silly tarball no local data for bytes@https://registry.npmjs.org/bytes/-/bytes-3.1.2.tgz. Extracting by manifest.
573 silly tarball no local data for bson@https://registry.npmjs.org/bson/-/bson-7.3.1.tgz. Extracting by manifest.
574 silly tarball no local data for braces@https://registry.npmjs.org/braces/-/braces-3.0.3.tgz. Extracting by manifest.
575 silly tarball no local data for brace-expansion@https://registry.npmjs.org/brace-expansion/-/brace-expansion-1.1.15.tgz. Extracting by manifest.
576 silly tarball no local data for body-parser@https://registry.npmjs.org/body-parser/-/body-parser-2.3.0.tgz. Extracting by manifest.
577 silly tarball no local data for binary-extensions@https://registry.npmjs.org/binary-extensions/-/binary-extensions-2.3.0.tgz. Extracting by manifest.
578 silly tarball no local data for balanced-match@https://registry.npmjs.org/balanced-match/-/balanced-match-1.0.2.tgz. Extracting by manifest.
579 silly tarball no local data for available-typed-arrays@https://registry.npmjs.org/available-typed-arrays/-/available-typed-arrays-1.0.7.tgz. Extracting by manifest.
580 silly tarball no local data for async-function@https://registry.npmjs.org/async-function/-/async-function-1.0.0.tgz. Extracting by manifest.
581 silly tarball no local data for arraybuffer.prototype.slice@https://registry.npmjs.org/arraybuffer.prototype.slice/-/arraybuffer.prototype.slice-1.0.4.tgz. Extracting by manifest.
582 silly tarball no local data for array.prototype.flatmap@https://registry.npmjs.org/array.prototype.flatmap/-/array.prototype.flatmap-1.3.3.tgz. Extracting by manifest.
583 silly tarball no local data for array.prototype.flat@https://registry.npmjs.org/array.prototype.flat/-/array.prototype.flat-1.3.3.tgz. Extracting by manifest.
584 silly tarball no local data for array.prototype.findlastindex@https://registry.npmjs.org/array.prototype.findlastindex/-/array.prototype.findlastindex-1.2.6.tgz. Extracting by manifest.
585 silly tarball no local data for array-includes@https://registry.npmjs.org/array-includes/-/array-includes-3.1.9.tgz. Extracting by manifest.
586 silly tarball no local data for array-buffer-byte-length@https://registry.npmjs.org/array-buffer-byte-length/-/array-buffer-byte-length-1.0.2.tgz. Extracting by manifest.
587 silly tarball no local data for argparse@https://registry.npmjs.org/argparse/-/argparse-2.0.1.tgz. Extracting by manifest.
588 silly tarball no local data for anymatch@https://registry.npmjs.org/anymatch/-/anymatch-3.1.3.tgz. Extracting by manifest.
589 silly tarball no local data for ansi-styles@https://registry.npmjs.org/ansi-styles/-/ansi-styles-4.3.0.tgz. Extracting by manifest.
590 silly tarball no local data for ansi-regex@https://registry.npmjs.org/ansi-regex/-/ansi-regex-5.0.1.tgz. Extracting by manifest.
591 silly tarball no local data for ajv@https://registry.npmjs.org/ajv/-/ajv-6.15.0.tgz. Extracting by manifest.
592 silly tarball no local data for acorn-jsx@https://registry.npmjs.org/acorn-jsx/-/acorn-jsx-5.3.2.tgz. Extracting by manifest.
593 silly tarball no local data for acorn@https://registry.npmjs.org/acorn/-/acorn-8.17.0.tgz. Extracting by manifest.
594 silly tarball no local data for accepts@https://registry.npmjs.org/accepts/-/accepts-2.0.0.tgz. Extracting by manifest.
595 silly tarball no local data for @ungap/structured-clone@https://registry.npmjs.org/@ungap/structured-clone/-/structured-clone-1.3.2.tgz. Extracting by manifest.
596 silly tarball no local data for @types/whatwg-url@https://registry.npmjs.org/@types/whatwg-url/-/whatwg-url-13.0.0.tgz. Extracting by manifest.
597 silly tarball no local data for @types/webidl-conversions@https://registry.npmjs.org/@types/webidl-conversions/-/webidl-conversions-7.0.3.tgz. Extracting by manifest.
598 silly tarball no local data for @types/json5@https://registry.npmjs.org/@types/json5/-/json5-0.0.29.tgz. Extracting by manifest.
599 silly tarball no local data for @standard-schema/spec@https://registry.npmjs.org/@standard-schema/spec/-/spec-1.1.0.tgz. Extracting by manifest.
600 silly tarball no local data for @rtsao/scc@https://registry.npmjs.org/@rtsao/scc/-/scc-1.1.0.tgz. Extracting by manifest.
601 silly tarball no local data for @nodelib/fs.walk@https://registry.npmjs.org/@nodelib/fs.walk/-/fs.walk-1.2.8.tgz. Extracting by manifest.
602 silly tarball no local data for @nodelib/fs.stat@https://registry.npmjs.org/@nodelib/fs.stat/-/fs.stat-2.0.5.tgz. Extracting by manifest.
603 silly tarball no local data for @nodelib/fs.scandir@https://registry.npmjs.org/@nodelib/fs.scandir/-/fs.scandir-2.1.5.tgz. Extracting by manifest.
604 silly tarball no local data for @mongodb-js/saslprep@https://registry.npmjs.org/@mongodb-js/saslprep/-/saslprep-1.4.12.tgz. Extracting by manifest.
605 silly tarball no local data for @humanwhocodes/object-schema@https://registry.npmjs.org/@humanwhocodes/object-schema/-/object-schema-2.0.3.tgz. Extracting by manifest.
606 silly tarball no local data for @humanwhocodes/module-importer@https://registry.npmjs.org/@humanwhocodes/module-importer/-/module-importer-1.0.1.tgz. Extracting by manifest.
607 silly tarball no local data for @humanwhocodes/config-array@https://registry.npmjs.org/@humanwhocodes/config-array/-/config-array-0.13.0.tgz. Extracting by manifest.
608 silly tarball no local data for @eslint/js@https://registry.npmjs.org/@eslint/js/-/js-8.57.1.tgz. Extracting by manifest.
609 silly tarball no local data for @eslint/eslintrc@https://registry.npmjs.org/@eslint/eslintrc/-/eslintrc-2.1.4.tgz. Extracting by manifest.
610 silly tarball no local data for @eslint-community/regexpp@https://registry.npmjs.org/@eslint-community/regexpp/-/regexpp-4.12.2.tgz. Extracting by manifest.
611 silly tarball no local data for @eslint-community/eslint-utils@https://registry.npmjs.org/@eslint-community/eslint-utils/-/eslint-utils-4.9.1.tgz. Extracting by manifest.
612 http cache content-type@https://registry.npmjs.org/content-type/-/content-type-2.0.0.tgz 0ms (cache hit)
613 silly tarball no local data for semver@https://registry.npmjs.org/semver/-/semver-7.8.5.tgz. Extracting by manifest.
614 silly tarball no local data for supports-color@https://registry.npmjs.org/supports-color/-/supports-color-5.5.0.tgz. Extracting by manifest.
615 silly tarball no local data for semver@https://registry.npmjs.org/semver/-/semver-7.8.5.tgz. Extracting by manifest.
616 silly tarball no local data for minimatch@https://registry.npmjs.org/minimatch/-/minimatch-10.2.5.tgz. Extracting by manifest.
617 silly tarball no local data for has-flag@https://registry.npmjs.org/has-flag/-/has-flag-3.0.0.tgz. Extracting by manifest.
618 silly tarball no local data for brace-expansion@https://registry.npmjs.org/brace-expansion/-/brace-expansion-5.0.6.tgz. Extracting by manifest.
619 silly tarball no local data for balanced-match@https://registry.npmjs.org/balanced-match/-/balanced-match-4.0.4.tgz. Extracting by manifest.
620 silly tarball no local data for doctrine@https://registry.npmjs.org/doctrine/-/doctrine-2.1.0.tgz. Extracting by manifest.
621 silly tarball no local data for debug@https://registry.npmjs.org/debug/-/debug-3.2.7.tgz. Extracting by manifest.
622 silly tarball no local data for debug@https://registry.npmjs.org/debug/-/debug-3.2.7.tgz. Extracting by manifest.
623 silly tarball no local data for debug@https://registry.npmjs.org/debug/-/debug-3.2.7.tgz. Extracting by manifest.
624 silly tarball no local data for glob-parent@https://registry.npmjs.org/glob-parent/-/glob-parent-5.1.2.tgz. Extracting by manifest.
625 silly tarball no local data for content-type@https://registry.npmjs.org/content-type/-/content-type-2.0.0.tgz. Extracting by manifest.
626 silly tarball no local data for content-type@https://registry.npmjs.org/content-type/-/content-type-2.0.0.tgz. Extracting by manifest.
627 http fetch POST 200 https://registry.npmjs.org/-/npm/v1/security/advisories/bulk 1033ms
628 silly audit report {
628 silly audit report   'brace-expansion': [
628 silly audit report     {
628 silly audit report       id: 1130588,
628 silly audit report       url: 'https://github.com/advisories/GHSA-mh99-v99m-4gvg',
628 silly audit report       title: 'brace-expansion: DoS via unbounded expansion length causing an out-of-memory process crash',
628 silly audit report       severity: 'high',
628 silly audit report       vulnerable_versions: '<1.1.17',
628 silly audit report       cwe: [Array],
628 silly audit report       cvss: [Object]
628 silly audit report     },
628 silly audit report     {
628 silly audit report       id: 1130591,
628 silly audit report       url: 'https://github.com/advisories/GHSA-mh99-v99m-4gvg',
628 silly audit report       title: 'brace-expansion: DoS via unbounded expansion length causing an out-of-memory process crash',
628 silly audit report       severity: 'high',
628 silly audit report       vulnerable_versions: '>=4.0.0 <5.0.8',
628 silly audit report       cwe: [Array],
628 silly audit report       cvss: [Object]
628 silly audit report     },
628 silly audit report     {
628 silly audit report       id: 1130734,
628 silly audit report       url: 'https://github.com/advisories/GHSA-rgw5-rvv9-x895',
628 silly audit report       title: 'brace-expansion: DoS via unbounded intermediate arrays, bypassing the CVE-2026-14257 mitigation',
628 silly audit report       severity: 'high',
628 silly audit report       vulnerable_versions: '>=4.0.0 <5.0.9',
628 silly audit report       cwe: [Array],
628 silly audit report       cvss: [Object]
628 silly audit report     },
628 silly audit report     {
628 silly audit report       id: 1130737,
628 silly audit report       url: 'https://github.com/advisories/GHSA-rgw5-rvv9-x895',
628 silly audit report       title: 'brace-expansion: DoS via unbounded intermediate arrays, bypassing the CVE-2026-14257 mitigation',
628 silly audit report       severity: 'high',
628 silly audit report       vulnerable_versions: '<1.1.18',
628 silly audit report       cwe: [Array],
628 silly audit report       cvss: [Object]
628 silly audit report     },
628 silly audit report     {
628 silly audit report       id: 1123897,
628 silly audit report       url: 'https://github.com/advisories/GHSA-3jxr-9vmj-r5cp',
628 silly audit report       title: 'brace-expansion: DoS via exponential-time expansion of consecutive non-expanding {} groups',
628 silly audit report       severity: 'high',
628 silly audit report       vulnerable_versions: '<1.1.16',
628 silly audit report       cwe: [Array],
628 silly audit report       cvss: [Object]
628 silly audit report     },
628 silly audit report     {
628 silly audit report       id: 1123898,
628 silly audit report       url: 'https://github.com/advisories/GHSA-3jxr-9vmj-r5cp',
628 silly audit report       title: 'brace-expansion: DoS via exponential-time expansion of consecutive non-expanding {} groups',
628 silly audit report       severity: 'high',
628 silly audit report       vulnerable_versions: '>=3.0.0 <5.0.7',
628 silly audit report       cwe: [Array],
628 silly audit report       cvss: [Object]
628 silly audit report     }
628 silly audit report   ],
628 silly audit report   'js-yaml': [
628 silly audit report     {
628 silly audit report       id: 1123911,
628 silly audit report       url: 'https://github.com/advisories/GHSA-52cp-r559-cp3m',
628 silly audit report       title: 'js-yaml: YAML merge-key chains can force quadratic CPU consumption',
628 silly audit report       severity: 'high',
628 silly audit report       vulnerable_versions: '>=4.0.0 <4.3.0',
628 silly audit report       cwe: [Array],
628 silly audit report       cvss: [Object]
628 silly audit report     },
628 silly audit report     {
628 silly audit report       id: 1138115,
628 silly audit report       url: 'https://github.com/advisories/GHSA-5p4m-2wfm-xmqj',
628 silly audit report       title: 'JS-YAML: Quadratic CPU consumption in !!omap resolution (3.x and 4.x) — CVE-2026-59870 fix not backported',
628 silly audit report       severity: 'high',
628 silly audit report       vulnerable_versions: '>=4.0.0 <4.3.1',
628 silly audit report       cwe: [Array],
628 silly audit report       cvss: [Object]
628 silly audit report     }
628 silly audit report   ]
628 silly audit report }
629 silly packumentCache corgi:https://registry.npmjs.org/brace-expansion cache-miss
630 silly packumentCache corgi:https://registry.npmjs.org/js-yaml cache-miss
631 http fetch GET 200 https://registry.npmjs.org/supports-preserve-symlinks-flag/-/supports-preserve-symlinks-flag-1.0.0.tgz 1621ms (cache miss)
632 http fetch GET 200 https://registry.npmjs.org/supports-color/-/supports-color-7.2.0.tgz 1621ms (cache miss)
633 http fetch GET 200 https://registry.npmjs.org/side-channel-list/-/side-channel-list-1.0.1.tgz 1614ms (cache miss)
634 http fetch GET 200 https://registry.npmjs.org/shebang-command/-/shebang-command-2.0.0.tgz 1611ms (cache miss)
635 http fetch GET 200 https://registry.npmjs.org/serve-static/-/serve-static-2.2.1.tgz 1609ms (cache miss)
636 http fetch GET 200 https://registry.npmjs.org/run-parallel/-/run-parallel-1.2.0.tgz 1605ms (cache miss)
637 http fetch GET 200 https://registry.npmjs.org/raw-body/-/raw-body-3.0.2.tgz 1601ms (cache miss)
638 http fetch GET 200 https://registry.npmjs.org/which-collection/-/which-collection-1.0.2.tgz 1710ms (cache miss)
639 http fetch GET 200 https://registry.npmjs.org/vary/-/vary-1.1.2.tgz 1706ms (cache miss)
640 http fetch GET 200 https://registry.npmjs.org/touch/-/touch-3.1.1.tgz 1696ms (cache miss)
641 http fetch GET 200 https://registry.npmjs.org/toidentifier/-/toidentifier-1.0.1.tgz 1697ms (cache miss)
642 http fetch GET 200 https://registry.npmjs.org/unpipe/-/unpipe-1.0.0.tgz 1707ms (cache miss)
643 http fetch GET 200 https://registry.npmjs.org/type-check/-/type-check-0.4.0.tgz 1701ms (cache miss)
644 http fetch GET 200 https://registry.npmjs.org/stop-iteration-iterator/-/stop-iteration-iterator-1.1.0.tgz 1691ms (cache miss)
645 http fetch GET 200 https://registry.npmjs.org/statuses/-/statuses-2.0.2.tgz 1691ms (cache miss)
646 http fetch GET 200 https://registry.npmjs.org/strip-bom/-/strip-bom-3.0.0.tgz 1696ms (cache miss)
647 http fetch GET 200 https://registry.npmjs.org/sparse-bitfield/-/sparse-bitfield-3.0.3.tgz 1691ms (cache miss)
648 http fetch GET 200 https://registry.npmjs.org/setprototypeof/-/setprototypeof-1.2.0.tgz 1687ms (cache miss)
649 http fetch GET 200 https://registry.npmjs.org/router/-/router-2.2.0.tgz 1679ms (cache miss)
650 http fetch GET 200 https://registry.npmjs.org/proxy-addr/-/proxy-addr-2.0.7.tgz 1668ms (cache miss)
651 http fetch GET 200 https://registry.npmjs.org/yocto-queue/-/yocto-queue-0.1.0.tgz 1775ms (cache miss)
652 http fetch GET 200 https://registry.npmjs.org/typed-array-buffer/-/typed-array-buffer-1.0.3.tgz 1759ms (cache miss)
653 http fetch GET 200 https://registry.npmjs.org/shebang-regex/-/shebang-regex-3.0.0.tgz 1741ms (cache miss)
654 http fetch GET 200 https://registry.npmjs.org/set-proto/-/set-proto-1.0.0.tgz 1740ms (cache miss)
655 http fetch GET 200 https://registry.npmjs.org/webidl-conversions/-/webidl-conversions-7.0.0.tgz 1769ms (cache miss)
656 http fetch GET 200 https://registry.npmjs.org/strip-json-comments/-/strip-json-comments-3.1.1.tgz 1754ms (cache miss)
657 http fetch GET 200 https://registry.npmjs.org/word-wrap/-/word-wrap-1.2.5.tgz 1885ms (cache miss)
658 http fetch GET 200 https://registry.npmjs.org/wrappy/-/wrappy-1.0.2.tgz 1887ms (cache miss)
659 http fetch GET 200 https://registry.npmjs.org/type-is/-/type-is-2.1.0.tgz 1872ms (cache miss)
660 http fetch GET 200 https://registry.npmjs.org/undefsafe/-/undefsafe-2.0.5.tgz 1877ms (cache miss)
661 http fetch GET 200 https://registry.npmjs.org/typed-array-byte-offset/-/typed-array-byte-offset-1.0.4.tgz 1876ms (cache miss)
662 http fetch GET 200 https://registry.npmjs.org/typed-array-byte-length/-/typed-array-byte-length-1.0.3.tgz 1875ms (cache miss)
663 http fetch GET 200 https://registry.npmjs.org/safe-push-apply/-/safe-push-apply-1.0.0.tgz 1850ms (cache miss)
664 http fetch GET 200 https://registry.npmjs.org/safe-array-concat/-/safe-array-concat-1.1.4.tgz 1849ms (cache miss)
665 http fetch GET 200 https://registry.npmjs.org/strip-ansi/-/strip-ansi-6.0.1.tgz 1869ms (cache miss)
666 http fetch GET 200 https://registry.npmjs.org/range-parser/-/range-parser-1.2.1.tgz 1843ms (cache miss)
667 http fetch GET 200 https://registry.npmjs.org/path-is-absolute/-/path-is-absolute-1.0.1.tgz 1834ms (cache miss)
668 http fetch GET 200 https://registry.npmjs.org/path-parse/-/path-parse-1.0.7.tgz 1835ms (cache miss)
669 http fetch GET 200 https://registry.npmjs.org/path-exists/-/path-exists-4.0.0.tgz 1834ms (cache miss)
670 http fetch GET 200 https://registry.npmjs.org/p-limit/-/p-limit-3.1.0.tgz 1832ms (cache miss)
671 http fetch GET 200 https://registry.npmjs.org/path-key/-/path-key-3.1.1.tgz 1837ms (cache miss)
672 http fetch GET 200 https://registry.npmjs.org/own-keys/-/own-keys-1.0.1.tgz 1832ms (cache miss)
673 http fetch GET 200 https://registry.npmjs.org/which/-/which-2.0.2.tgz 1927ms (cache miss)
674 http fetch GET 200 https://registry.npmjs.org/unbox-primitive/-/unbox-primitive-1.1.0.tgz 1922ms (cache miss)
675 http fetch GET 200 https://registry.npmjs.org/side-channel-weakmap/-/side-channel-weakmap-1.0.2.tgz 1905ms (cache miss)
676 http fetch GET 200 https://registry.npmjs.org/side-channel-map/-/side-channel-map-1.0.1.tgz 1904ms (cache miss)
677 http fetch GET 200 https://registry.npmjs.org/set-function-name/-/set-function-name-2.0.2.tgz 1900ms (cache miss)
678 http fetch GET 200 https://registry.npmjs.org/set-function-length/-/set-function-length-1.2.2.tgz 1900ms (cache miss)
679 http fetch GET 200 https://registry.npmjs.org/resolve-from/-/resolve-from-4.0.0.tgz 1892ms (cache miss)
680 http fetch GET 200 https://registry.npmjs.org/punycode/-/punycode-2.3.1.tgz 1885ms (cache miss)
681 http fetch GET 200 https://registry.npmjs.org/parent-module/-/parent-module-1.0.1.tgz 1877ms (cache miss)
682 http fetch GET 200 https://registry.npmjs.org/ms/-/ms-2.1.3.tgz 1861ms (cache miss)
683 http fetch GET 200 https://registry.npmjs.org/typed-array-length/-/typed-array-length-1.0.8.tgz 1967ms (cache miss)
684 http fetch GET 200 https://registry.npmjs.org/to-regex-range/-/to-regex-range-5.0.1.tgz 1960ms (cache miss)
685 http fetch GET 200 https://registry.npmjs.org/safe-regex-test/-/safe-regex-test-1.1.0.tgz 1939ms (cache miss)
686 http fetch GET 200 https://registry.npmjs.org/on-finished/-/on-finished-2.4.1.tgz 1917ms (cache miss)
687 http fetch GET 200 https://registry.npmjs.org/which-boxed-primitive/-/which-boxed-primitive-1.1.1.tgz 2020ms (cache miss)
688 http fetch GET 200 https://registry.npmjs.org/side-channel/-/side-channel-1.1.1.tgz 1993ms (cache miss)
689 http fetch GET 200 https://registry.npmjs.org/rimraf/-/rimraf-3.0.2.tgz 1983ms (cache miss)
690 warn deprecated rimraf@3.0.2: Rimraf versions prior to v4 are no longer supported
691 http fetch GET 200 https://registry.npmjs.org/queue-microtask/-/queue-microtask-1.2.3.tgz 1978ms (cache miss)
692 http fetch GET 200 https://registry.npmjs.org/possible-typed-array-names/-/possible-typed-array-names-1.1.0.tgz 1974ms (cache miss)
693 http fetch GET 200 https://registry.npmjs.org/parseurl/-/parseurl-1.3.3.tgz 1969ms (cache miss)
694 http fetch GET 200 https://registry.npmjs.org/p-locate/-/p-locate-5.0.0.tgz 1968ms (cache miss)
695 http fetch GET 200 https://registry.npmjs.org/path-to-regexp/-/path-to-regexp-8.4.2.tgz 1973ms (cache miss)
696 http fetch GET 200 https://registry.npmjs.org/once/-/once-1.4.0.tgz 1966ms (cache miss)
697 http fetch GET 200 https://registry.npmjs.org/normalize-path/-/normalize-path-3.0.0.tgz 1961ms (cache miss)
698 http fetch GET 200 https://registry.npmjs.org/natural-compare/-/natural-compare-1.4.0.tgz 1953ms (cache miss)
699 http fetch GET 200 https://registry.npmjs.org/mime-types/-/mime-types-3.0.2.tgz 1949ms (cache miss)
700 http fetch GET 200 https://registry.npmjs.org/locate-path/-/locate-path-6.0.0.tgz 1947ms (cache miss)
701 http fetch GET 200 https://registry.npmjs.org/which-builtin-type/-/which-builtin-type-1.2.1.tgz 2075ms (cache miss)
702 http fetch GET 200 https://registry.npmjs.org/semver/-/semver-6.3.1.tgz 2042ms (cache miss)
703 http fetch GET 200 https://registry.npmjs.org/readdirp/-/readdirp-3.6.0.tgz 2032ms (cache miss)
704 http fetch GET 200 https://registry.npmjs.org/kareem/-/kareem-3.3.0.tgz 1996ms (cache miss)
705 http fetch GET 200 https://registry.npmjs.org/media-typer/-/media-typer-1.1.0.tgz 1999ms (cache miss)
706 http fetch GET 200 https://registry.npmjs.org/json-buffer/-/json-buffer-3.0.1.tgz 1997ms (cache miss)
707 http fetch GET 200 https://registry.npmjs.org/send/-/send-1.2.1.tgz 2088ms (cache miss)
708 http fetch GET 200 https://registry.npmjs.org/reusify/-/reusify-1.1.0.tgz 2081ms (cache miss)
709 http fetch GET 200 https://registry.npmjs.org/optionator/-/optionator-0.9.4.tgz 2063ms (cache miss)
710 http fetch GET 200 https://registry.npmjs.org/negotiator/-/negotiator-1.0.0.tgz 2049ms (cache miss)
711 http fetch GET 200 https://registry.npmjs.org/memory-pager/-/memory-pager-1.5.0.tgz 2043ms (cache miss)
712 http fetch GET 200 https://registry.npmjs.org/keyv/-/keyv-4.5.4.tgz 2040ms (cache miss)
713 http fetch GET 200 https://registry.npmjs.org/minimatch/-/minimatch-3.1.5.tgz 2047ms (cache miss)
714 http fetch GET 200 https://registry.npmjs.org/is-weakref/-/is-weakref-1.1.1.tgz 2035ms (cache miss)
715 http fetch GET 200 https://registry.npmjs.org/is-typed-array/-/is-typed-array-1.1.15.tgz 2034ms (cache miss)
716 http fetch GET 200 https://registry.npmjs.org/json-schema-traverse/-/json-schema-traverse-0.4.1.tgz 2040ms (cache miss)
717 http fetch GET 200 https://registry.npmjs.org/is-finalizationregistry/-/is-finalizationregistry-1.1.1.tgz 2026ms (cache miss)
718 http fetch GET 200 https://registry.npmjs.org/is-data-view/-/is-data-view-1.0.2.tgz 2022ms (cache miss)
719 http fetch GET 200 https://registry.npmjs.org/prelude-ls/-/prelude-ls-1.2.1.tgz 2126ms (cache miss)
720 http fetch GET 200 https://registry.npmjs.org/merge-descriptors/-/merge-descriptors-2.0.0.tgz 2097ms (cache miss)
721 http fetch GET 200 https://registry.npmjs.org/lodash.merge/-/lodash.merge-4.6.2.tgz 2096ms (cache miss)
722 http fetch GET 200 https://registry.npmjs.org/isarray/-/isarray-2.0.5.tgz 2089ms (cache miss)
723 http fetch GET 200 https://registry.npmjs.org/is-weakmap/-/is-weakmap-2.0.2.tgz 2089ms (cache miss)
724 http fetch GET 200 https://registry.npmjs.org/levn/-/levn-0.4.1.tgz 2097ms (cache miss)
725 http fetch GET 200 https://registry.npmjs.org/is-document.all/-/is-document.all-1.0.0.tgz 2077ms (cache miss)
726 http fetch GET 200 https://registry.npmjs.org/import-fresh/-/import-fresh-3.3.1.tgz 2060ms (cache miss)
727 http fetch GET 200 https://registry.npmjs.org/is-weakset/-/is-weakset-2.0.4.tgz 2127ms (cache miss)
728 http fetch GET 200 https://registry.npmjs.org/is-shared-array-buffer/-/is-shared-array-buffer-1.0.4.tgz 2125ms (cache miss)
729 http fetch GET 200 https://registry.npmjs.org/isexe/-/isexe-2.0.0.tgz 2131ms (cache miss)
730 http fetch GET 200 https://registry.npmjs.org/is-path-inside/-/is-path-inside-3.0.3.tgz 2124ms (cache miss)
731 http fetch GET 200 https://registry.npmjs.org/is-number-object/-/is-number-object-1.1.1.tgz 2124ms (cache miss)
732 http fetch GET 200 https://registry.npmjs.org/is-set/-/is-set-2.0.3.tgz 2127ms (cache miss)
733 http fetch GET 200 https://registry.npmjs.org/is-negative-zero/-/is-negative-zero-2.0.3.tgz 2123ms (cache miss)
734 http fetch GET 200 https://registry.npmjs.org/is-glob/-/is-glob-4.0.3.tgz 2122ms (cache miss)
735 http fetch GET 200 https://registry.npmjs.org/is-promise/-/is-promise-4.0.0.tgz 2128ms (cache miss)
736 http fetch GET 200 https://registry.npmjs.org/is-binary-path/-/is-binary-path-2.1.0.tgz 2114ms (cache miss)
737 http fetch GET 200 https://registry.npmjs.org/has-tostringtag/-/has-tostringtag-1.0.2.tgz 2095ms (cache miss)
738 http fetch GET 200 https://registry.npmjs.org/safer-buffer/-/safer-buffer-2.1.2.tgz 2225ms (cache miss)
739 http fetch GET 200 https://registry.npmjs.org/is-symbol/-/is-symbol-1.1.1.tgz 2171ms (cache miss)
740 http fetch GET 200 https://registry.npmjs.org/is-number/-/is-number-7.0.0.tgz 2167ms (cache miss)
741 http fetch GET 200 https://registry.npmjs.org/is-extglob/-/is-extglob-2.1.1.tgz 2161ms (cache miss)
742 http fetch GET 200 https://registry.npmjs.org/is-bigint/-/is-bigint-1.1.0.tgz 2155ms (cache miss)
743 http fetch GET 200 https://registry.npmjs.org/inherits/-/inherits-2.0.4.tgz 2144ms (cache miss)
744 http fetch GET 200 https://registry.npmjs.org/ignore-by-default/-/ignore-by-default-1.0.1.tgz 2141ms (cache miss)
745 http fetch GET 200 https://registry.npmjs.org/inflight/-/inflight-1.0.6.tgz 2145ms (cache miss)
746 warn deprecated inflight@1.0.6: This module is not supported, and leaks memory. Do not use it. Check out lru-cache if you want a good and tested way to coalesce async requests by a key value, which is much more comprehensive and powerful.
747 http fetch GET 200 https://registry.npmjs.org/has-flag/-/has-flag-4.0.0.tgz 2134ms (cache miss)
748 http fetch GET 200 https://registry.npmjs.org/gopd/-/gopd-1.2.0.tgz 2133ms (cache miss)
749 http fetch GET 200 https://registry.npmjs.org/object.fromentries/-/object.fromentries-2.0.8.tgz 2247ms (cache miss)
750 http fetch GET 200 https://registry.npmjs.org/is-string/-/is-string-1.1.1.tgz 2219ms (cache miss)
751 http fetch GET 200 https://registry.npmjs.org/is-date-object/-/is-date-object-1.1.0.tgz 2207ms (cache miss)
752 http fetch GET 200 https://registry.npmjs.org/is-boolean-object/-/is-boolean-object-1.2.2.tgz 2204ms (cache miss)
753 http fetch GET 200 https://registry.npmjs.org/object-keys/-/object-keys-1.1.1.tgz 2285ms (cache miss)
754 http fetch GET 200 https://registry.npmjs.org/is-regex/-/is-regex-1.2.1.tgz 2257ms (cache miss)
755 http fetch GET 200 https://registry.npmjs.org/is-map/-/is-map-2.0.3.tgz 2253ms (cache miss)
756 http fetch GET 200 https://registry.npmjs.org/is-core-module/-/is-core-module-2.16.2.tgz 2245ms (cache miss)
757 http fetch GET 200 https://registry.npmjs.org/ipaddr.js/-/ipaddr.js-1.9.1.tgz 2234ms (cache miss)
758 http fetch GET 200 https://registry.npmjs.org/is-array-buffer/-/is-array-buffer-3.0.5.tgz 2235ms (cache miss)
759 http fetch GET 200 https://registry.npmjs.org/internal-slot/-/internal-slot-1.1.0.tgz 2234ms (cache miss)
760 http fetch GET 200 https://registry.npmjs.org/http-errors/-/http-errors-2.0.1.tgz 2226ms (cache miss)
761 http fetch GET 200 https://registry.npmjs.org/has-bigints/-/has-bigints-1.1.0.tgz 2219ms (cache miss)
762 http fetch GET 200 https://registry.npmjs.org/pstree.remy/-/pstree.remy-1.1.8.tgz 2334ms (cache miss)
763 http fetch GET 200 https://registry.npmjs.org/mpath/-/mpath-0.9.0.tgz 2308ms (cache miss)
764 http fetch GET 200 https://registry.npmjs.org/imurmurhash/-/imurmurhash-0.1.4.tgz 2261ms (cache miss)
765 http fetch GET 200 https://registry.npmjs.org/ignore/-/ignore-5.3.2.tgz 2259ms (cache miss)
766 http fetch GET 200 https://registry.npmjs.org/hasown/-/hasown-2.0.4.tgz 2256ms (cache miss)
767 http fetch GET 200 https://registry.npmjs.org/get-symbol-description/-/get-symbol-description-1.1.0.tgz 2242ms (cache miss)
768 http fetch GET 200 https://registry.npmjs.org/find-up/-/find-up-5.0.0.tgz 2228ms (cache miss)
769 http fetch GET 200 https://registry.npmjs.org/functions-have-names/-/functions-have-names-1.2.3.tgz 2241ms (cache miss)
770 http fetch GET 200 https://registry.npmjs.org/is-callable/-/is-callable-1.2.7.tgz 2302ms (cache miss)
771 http fetch GET 200 https://registry.npmjs.org/has-property-descriptors/-/has-property-descriptors-1.0.2.tgz 2277ms (cache miss)
772 http fetch GET 200 https://registry.npmjs.org/get-proto/-/get-proto-1.0.1.tgz 2266ms (cache miss)
773 http fetch GET 200 https://registry.npmjs.org/glob-parent/-/glob-parent-6.0.2.tgz 2270ms (cache miss)
774 http fetch GET 200 https://registry.npmjs.org/get-intrinsic/-/get-intrinsic-1.3.0.tgz 2267ms (cache miss)
775 http fetch GET 200 https://registry.npmjs.org/forwarded/-/forwarded-0.2.0.tgz 2260ms (cache miss)
776 http fetch GET 200 https://registry.npmjs.org/fill-range/-/fill-range-7.1.1.tgz 2252ms (cache miss)
777 http fetch GET 200 https://registry.npmjs.org/flat-cache/-/flat-cache-3.2.0.tgz 2256ms (cache miss)
778 http fetch GET 200 https://registry.npmjs.org/file-entry-cache/-/file-entry-cache-6.0.1.tgz 2252ms (cache miss)
779 http fetch GET 200 https://registry.npmjs.org/fast-levenshtein/-/fast-levenshtein-2.0.6.tgz 2251ms (cache miss)
780 http fetch GET 200 https://registry.npmjs.org/fresh/-/fresh-2.0.0.tgz 2266ms (cache miss)
781 http fetch GET 200 https://registry.npmjs.org/mongodb-connection-string-url/-/mongodb-connection-string-url-7.0.1.tgz 2359ms (cache miss)
782 http fetch GET 200 https://registry.npmjs.org/is-async-function/-/is-async-function-2.1.1.tgz 2320ms (cache miss)
783 http fetch GET 200 https://registry.npmjs.org/fast-json-stable-stringify/-/fast-json-stable-stringify-2.1.0.tgz 2273ms (cache miss)
784 http fetch GET 200 https://registry.npmjs.org/fast-deep-equal/-/fast-deep-equal-3.1.3.tgz 2273ms (cache miss)
785 http fetch GET 200 https://registry.npmjs.org/which-typed-array/-/which-typed-array-1.1.22.tgz 2464ms (cache miss)
786 http fetch GET 200 https://registry.npmjs.org/string.prototype.trimstart/-/string.prototype.trimstart-1.0.8.tgz 2442ms (cache miss)
787 http fetch GET 200 https://registry.npmjs.org/is-generator-function/-/is-generator-function-1.1.2.tgz 2363ms (cache miss)
788 http fetch GET 200 https://registry.npmjs.org/globals/-/globals-13.24.0.tgz 2324ms (cache miss)
789 http fetch GET 200 https://registry.npmjs.org/fs.realpath/-/fs.realpath-1.0.0.tgz 2315ms (cache miss)
790 http fetch GET 200 https://registry.npmjs.org/generator-function/-/generator-function-2.0.1.tgz 2319ms (cache miss)
791 http fetch GET 200 https://registry.npmjs.org/etag/-/etag-1.8.1.tgz 2297ms (cache miss)
792 http fetch GET 200 https://registry.npmjs.org/dunder-proto/-/dunder-proto-1.0.1.tgz 2264ms (cache miss)
793 http fetch GET 200 https://registry.npmjs.org/es-errors/-/es-errors-1.3.0.tgz 2272ms (cache miss)
794 http fetch GET 200 https://registry.npmjs.org/ee-first/-/ee-first-1.1.1.tgz 2268ms (cache miss)
795 http fetch GET 200 https://registry.npmjs.org/glob/-/glob-7.2.3.tgz 2383ms (cache miss)
796 warn deprecated glob@7.2.3: Old versions of glob are not supported, and contain widely publicized security vulnerabilities, which have been fixed in the current version. Please update. Support for old versions may be purchased (at exorbitant rates) by contacting i@izs.me
797 http fetch GET 200 https://registry.npmjs.org/for-each/-/for-each-0.3.5.tgz 2374ms (cache miss)
798 http fetch GET 200 https://registry.npmjs.org/finalhandler/-/finalhandler-2.1.1.tgz 2370ms (cache miss)
799 http fetch GET 200 https://registry.npmjs.org/eslint-import-resolver-node/-/eslint-import-resolver-node-0.3.10.tgz 2350ms (cache miss)
800 http fetch GET 200 https://registry.npmjs.org/escape-string-regexp/-/escape-string-regexp-4.0.0.tgz 2346ms (cache miss)
801 http fetch GET 200 https://registry.npmjs.org/escape-html/-/escape-html-1.0.3.tgz 2345ms (cache miss)
802 http fetch GET 200 https://registry.npmjs.org/string.prototype.trimend/-/string.prototype.trimend-1.0.10.tgz 2559ms (cache miss)
803 http fetch GET 200 https://registry.npmjs.org/esrecurse/-/esrecurse-4.3.0.tgz 2410ms (cache miss)
804 http fetch GET 200 https://registry.npmjs.org/estraverse/-/estraverse-5.3.0.tgz 2412ms (cache miss)
805 http fetch GET 200 https://registry.npmjs.org/define-properties/-/define-properties-1.2.1.tgz 2377ms (cache miss)
806 http fetch GET 200 https://registry.npmjs.org/es-define-property/-/es-define-property-1.0.1.tgz 2386ms (cache miss)
807 http fetch GET 200 https://registry.npmjs.org/data-view-byte-offset/-/data-view-byte-offset-1.0.1.tgz 2362ms (cache miss)
808 http fetch GET 200 https://registry.npmjs.org/color-name/-/color-name-1.1.4.tgz 2357ms (cache miss)
809 http fetch GET 200 https://registry.npmjs.org/has-proto/-/has-proto-1.2.0.tgz 2467ms (cache miss)
810 http fetch GET 200 https://registry.npmjs.org/function-bind/-/function-bind-1.1.2.tgz 2446ms (cache miss)
811 http fetch GET 200 https://registry.npmjs.org/esutils/-/esutils-2.0.3.tgz 2428ms (cache miss)
812 http fetch GET 200 https://registry.npmjs.org/es-set-tostringtag/-/es-set-tostringtag-2.1.0.tgz 2404ms (cache miss)
813 http fetch GET 200 https://registry.npmjs.org/es-object-atoms/-/es-object-atoms-1.1.2.tgz 2403ms (cache miss)
814 http fetch GET 200 https://registry.npmjs.org/depd/-/depd-2.0.0.tgz 2395ms (cache miss)
815 http fetch GET 200 https://registry.npmjs.org/content-disposition/-/content-disposition-1.1.0.tgz 2373ms (cache miss)
816 http fetch GET 200 https://registry.npmjs.org/bytes/-/bytes-3.1.2.tgz 2367ms (cache miss)
817 http fetch GET 200 https://registry.npmjs.org/callsites/-/callsites-3.1.0.tgz 2371ms (cache miss)
818 http fetch GET 200 https://registry.npmjs.org/text-table/-/text-table-0.2.0.tgz 2599ms (cache miss)
819 http fetch GET 200 https://registry.npmjs.org/es-shim-unscopables/-/es-shim-unscopables-1.1.0.tgz 2423ms (cache miss)
820 http fetch GET 200 https://registry.npmjs.org/encodeurl/-/encodeurl-2.0.0.tgz 2416ms (cache miss)
821 http fetch GET 200 https://registry.npmjs.org/cross-spawn/-/cross-spawn-7.0.6.tgz 2392ms (cache miss)
822 http fetch GET 200 https://registry.npmjs.org/content-type/-/content-type-1.0.5.tgz 2390ms (cache miss)
823 http fetch GET 200 https://registry.npmjs.org/concat-map/-/concat-map-0.0.1.tgz 2389ms (cache miss)
824 http fetch GET 200 https://registry.npmjs.org/confusing-browser-globals/-/confusing-browser-globals-1.0.11.tgz 2390ms (cache miss)
825 http fetch GET 200 https://registry.npmjs.org/binary-extensions/-/binary-extensions-2.3.0.tgz 2382ms (cache miss)
826 http fetch GET 200 https://registry.npmjs.org/available-typed-arrays/-/available-typed-arrays-1.0.7.tgz 2381ms (cache miss)
827 http fetch GET 200 https://registry.npmjs.org/simple-update-notifier/-/simple-update-notifier-2.0.0.tgz 2608ms (cache miss)
828 http fetch GET 200 https://registry.npmjs.org/mime-db/-/mime-db-1.54.0.tgz 2551ms (cache miss)
829 http fetch GET 200 https://registry.npmjs.org/object.entries/-/object.entries-1.1.9.tgz 2569ms (cache miss)
830 http fetch GET 200 https://registry.npmjs.org/deep-is/-/deep-is-0.1.4.tgz 2409ms (cache miss)
831 http fetch GET 200 https://registry.npmjs.org/data-view-buffer/-/data-view-buffer-1.0.2.tgz 2407ms (cache miss)
832 http fetch GET 200 https://registry.npmjs.org/data-view-byte-length/-/data-view-byte-length-1.0.2.tgz 2407ms (cache miss)
833 http fetch GET 200 https://registry.npmjs.org/cookie/-/cookie-0.7.2.tgz 2406ms (cache miss)
834 http fetch GET 200 https://registry.npmjs.org/object.groupby/-/object.groupby-1.0.3.tgz 2583ms (cache miss)
835 http fetch GET 200 https://registry.npmjs.org/define-data-property/-/define-data-property-1.1.4.tgz 2436ms (cache miss)
836 http fetch GET 200 https://registry.npmjs.org/cookie-signature/-/cookie-signature-1.2.2.tgz 2420ms (cache miss)
837 http fetch GET 200 https://registry.npmjs.org/braces/-/braces-3.0.3.tgz 2410ms (cache miss)
838 http fetch GET 200 https://registry.npmjs.org/call-bound/-/call-bound-1.0.4.tgz 2415ms (cache miss)
839 http fetch GET 200 https://registry.npmjs.org/array-buffer-byte-length/-/array-buffer-byte-length-1.0.2.tgz 2405ms (cache miss)
840 http fetch GET 200 https://registry.npmjs.org/balanced-match/-/balanced-match-1.0.2.tgz 2410ms (cache miss)
841 http fetch GET 200 https://registry.npmjs.org/ansi-regex/-/ansi-regex-5.0.1.tgz 2403ms (cache miss)
842 http fetch GET 200 https://registry.npmjs.org/reflect.getprototypeof/-/reflect.getprototypeof-1.0.10.tgz 2616ms (cache miss)
843 http fetch GET 200 https://registry.npmjs.org/chalk/-/chalk-4.1.2.tgz 2428ms (cache miss)
844 http fetch GET 200 https://registry.npmjs.org/array.prototype.flatmap/-/array.prototype.flatmap-1.3.3.tgz 2420ms (cache miss)
845 http fetch GET 200 https://registry.npmjs.org/array.prototype.flat/-/array.prototype.flat-1.3.3.tgz 2420ms (cache miss)
846 http fetch GET 200 https://registry.npmjs.org/async-function/-/async-function-1.0.0.tgz 2422ms (cache miss)
847 http fetch GET 200 https://registry.npmjs.org/body-parser/-/body-parser-2.3.0.tgz 2425ms (cache miss)
848 http fetch GET 200 https://registry.npmjs.org/@standard-schema/spec/-/spec-1.1.0.tgz 2413ms (cache miss)
849 http fetch GET 200 https://registry.npmjs.org/string.prototype.trim/-/string.prototype.trim-1.2.11.tgz 2653ms (cache miss)
850 http fetch GET 200 https://registry.npmjs.org/color-convert/-/color-convert-2.0.1.tgz 2444ms (cache miss)
851 http fetch GET 200 https://registry.npmjs.org/brace-expansion/-/brace-expansion-1.1.15.tgz 2439ms (cache miss)
852 http fetch GET 200 https://registry.npmjs.org/accepts/-/accepts-2.0.0.tgz 2429ms (cache miss)
853 http fetch GET 200 https://registry.npmjs.org/anymatch/-/anymatch-3.1.3.tgz 2435ms (cache miss)
854 http fetch GET 200 https://registry.npmjs.org/@nodelib/fs.scandir/-/fs.scandir-2.1.5.tgz 2427ms (cache miss)
855 http fetch GET 200 https://registry.npmjs.org/object.values/-/object.values-1.2.1.tgz 2627ms (cache miss)
856 http fetch GET 200 https://registry.npmjs.org/eslint-visitor-keys/-/eslint-visitor-keys-3.4.3.tgz 2510ms (cache miss)
857 http fetch GET 200 https://registry.npmjs.org/call-bind/-/call-bind-1.0.9.tgz 2456ms (cache miss)
858 http fetch GET 200 https://registry.npmjs.org/array.prototype.findlastindex/-/array.prototype.findlastindex-1.2.6.tgz 2448ms (cache miss)
859 http fetch GET 200 https://registry.npmjs.org/@types/json5/-/json5-0.0.29.tgz 2442ms (cache miss)
860 http fetch GET 200 https://registry.npmjs.org/@rtsao/scc/-/scc-1.1.0.tgz 2441ms (cache miss)
861 http fetch GET 200 https://registry.npmjs.org/@eslint/js/-/js-8.57.1.tgz 2437ms (cache miss)
862 http fetch GET 200 https://registry.npmjs.org/@types/webidl-conversions/-/webidl-conversions-7.0.3.tgz 2448ms (cache miss)
863 http fetch GET 200 https://registry.npmjs.org/json-stable-stringify-without-jsonify/-/json-stable-stringify-without-jsonify-1.0.1.tgz 2618ms (cache miss)
864 http fetch GET 200 https://registry.npmjs.org/fastq/-/fastq-1.20.1.tgz 2541ms (cache miss)
865 http fetch GET 200 https://registry.npmjs.org/has-symbols/-/has-symbols-1.1.0.tgz 2574ms (cache miss)
866 http fetch GET 200 https://registry.npmjs.org/globalthis/-/globalthis-1.0.4.tgz 2568ms (cache miss)
867 http fetch GET 200 https://registry.npmjs.org/doctrine/-/doctrine-3.0.0.tgz 2503ms (cache miss)
868 http fetch GET 200 https://registry.npmjs.org/ansi-styles/-/ansi-styles-4.3.0.tgz 2464ms (cache miss)
869 http fetch GET 200 https://registry.npmjs.org/acorn-jsx/-/acorn-jsx-5.3.2.tgz 2463ms (cache miss)
870 http fetch GET 200 https://registry.npmjs.org/content-type/-/content-type-2.0.0.tgz 2445ms (cache miss)
871 http fetch GET 200 https://registry.npmjs.org/json5/-/json5-1.0.2.tgz 2634ms (cache miss)
872 http fetch GET 200 https://registry.npmjs.org/chokidar/-/chokidar-3.6.0.tgz 2488ms (cache miss)
873 http fetch GET 200 https://registry.npmjs.org/@humanwhocodes/object-schema/-/object-schema-2.0.3.tgz 2465ms (cache miss)
874 http fetch GET 200 https://registry.npmjs.org/@humanwhocodes/config-array/-/config-array-0.13.0.tgz 2465ms (cache miss)
875 warn deprecated @humanwhocodes/config-array@0.13.0: Use @eslint/config-array instead
876 http fetch GET 200 https://registry.npmjs.org/@nodelib/fs.stat/-/fs.stat-2.0.5.tgz 2469ms (cache miss)
877 http fetch GET 200 https://registry.npmjs.org/has-flag/-/has-flag-3.0.0.tgz 2461ms (cache miss)
878 http fetch GET 200 https://registry.npmjs.org/@types/whatwg-url/-/whatwg-url-13.0.0.tgz 2476ms (cache miss)
879 http fetch GET 200 https://registry.npmjs.org/espree/-/espree-9.6.1.tgz 2554ms (cache miss)
880 http fetch GET 200 https://registry.npmjs.org/glob-parent/-/glob-parent-5.1.2.tgz 2467ms (cache miss)
881 http fetch GET 200 https://registry.npmjs.org/supports-color/-/supports-color-5.5.0.tgz 2480ms (cache miss)
882 http fetch GET 200 https://registry.npmjs.org/arraybuffer.prototype.slice/-/arraybuffer.prototype.slice-1.0.4.tgz 2505ms (cache miss)
883 http fetch GET 200 https://registry.npmjs.org/call-bind-apply-helpers/-/call-bind-apply-helpers-1.0.2.tgz 2514ms (cache miss)
884 warn deprecated @humanwhocodes/object-schema@2.0.3: Use @eslint/object-schema instead
885 http fetch GET 200 https://registry.npmjs.org/content-type/-/content-type-2.0.0.tgz 2306ms (cache miss)
886 http fetch GET 200 https://registry.npmjs.org/flatted/-/flatted-3.4.2.tgz 2600ms (cache miss)
887 http fetch GET 200 https://registry.npmjs.org/argparse/-/argparse-2.0.1.tgz 2512ms (cache miss)
888 http fetch GET 200 https://registry.npmjs.org/regexp.prototype.flags/-/regexp.prototype.flags-1.5.4.tgz 2723ms (cache miss)
889 http fetch GET 200 https://registry.npmjs.org/brace-expansion 1993ms (cache miss)
890 silly packumentCache corgi:https://registry.npmjs.org/brace-expansion set size:undefined disposed:false
891 http fetch GET 200 https://registry.npmjs.org/es-abstract-get/-/es-abstract-get-1.0.0.tgz 2579ms (cache miss)
892 http fetch GET 200 https://registry.npmjs.org/@humanwhocodes/module-importer/-/module-importer-1.0.1.tgz 2523ms (cache miss)
893 http fetch GET 200 https://registry.npmjs.org/debug/-/debug-3.2.7.tgz 2516ms (cache miss)
894 http fetch GET 200 https://registry.npmjs.org/debug/-/debug-4.4.3.tgz 2564ms (cache miss)
895 http fetch GET 200 https://registry.npmjs.org/debug/-/debug-3.2.7.tgz 2523ms (cache miss)
896 http fetch GET 200 https://registry.npmjs.org/debug/-/debug-3.2.7.tgz 2524ms (cache miss)
897 http fetch GET 200 https://registry.npmjs.org/express/-/express-5.2.1.tgz 2632ms (cache miss)
898 http fetch GET 200 https://registry.npmjs.org/js-yaml 2030ms (cache miss)
899 silly packumentCache corgi:https://registry.npmjs.org/js-yaml set size:undefined disposed:false
900 http fetch GET 200 https://registry.npmjs.org/array-includes/-/array-includes-3.1.9.tgz 2566ms (cache miss)
901 http fetch GET 200 https://registry.npmjs.org/doctrine/-/doctrine-2.1.0.tgz 2547ms (cache miss)
902 http fetch GET 200 https://registry.npmjs.org/es-to-primitive/-/es-to-primitive-1.3.1.tgz 2624ms (cache miss)
903 http fetch GET 200 https://registry.npmjs.org/picomatch/-/picomatch-2.3.2.tgz 2771ms (cache miss)
904 http fetch GET 200 https://registry.npmjs.org/function.prototype.name/-/function.prototype.name-1.2.0.tgz 2677ms (cache miss)
905 http fetch GET 200 https://registry.npmjs.org/math-intrinsics/-/math-intrinsics-1.1.0.tgz 2755ms (cache miss)
906 http fetch GET 200 https://registry.npmjs.org/whatwg-url/-/whatwg-url-14.2.0.tgz 2845ms (cache miss)
907 http fetch GET 200 https://registry.npmjs.org/tr46/-/tr46-5.1.1.tgz 2836ms (cache miss)
908 http fetch GET 200 https://registry.npmjs.org/eslint-module-utils/-/eslint-module-utils-2.13.0.tgz 2664ms (cache miss)
909 http fetch GET 200 https://registry.npmjs.org/object.assign/-/object.assign-4.1.7.tgz 2795ms (cache miss)
910 http fetch GET 200 https://registry.npmjs.org/eslint-scope/-/eslint-scope-7.2.2.tgz 2687ms (cache miss)
911 http fetch GET 200 https://registry.npmjs.org/mquery/-/mquery-6.0.0.tgz 2800ms (cache miss)
912 http fetch GET 200 https://registry.npmjs.org/node-exports-info/-/node-exports-info-1.6.2.tgz 2804ms (cache miss)
913 http fetch GET 200 https://registry.npmjs.org/@ungap/structured-clone/-/structured-clone-1.3.2.tgz 2628ms (cache miss)
914 http fetch GET 200 https://registry.npmjs.org/@eslint-community/eslint-utils/-/eslint-utils-4.9.1.tgz 2633ms (cache miss)
915 http fetch GET 200 https://registry.npmjs.org/@eslint-community/regexpp/-/regexpp-4.12.2.tgz 2634ms (cache miss)
916 http fetch GET 200 https://registry.npmjs.org/minimist/-/minimist-1.2.8.tgz 2819ms (cache miss)
917 silly packumentCache corgi:https://registry.npmjs.org/minimatch cache-miss
918 http fetch GET 200 https://registry.npmjs.org/qs/-/qs-6.15.3.tgz 2886ms (cache miss)
919 http fetch GET 200 https://registry.npmjs.org/balanced-match/-/balanced-match-4.0.4.tgz 2665ms (cache miss)
920 http fetch GET 200 https://registry.npmjs.org/eslint-config-airbnb-base/-/eslint-config-airbnb-base-15.0.0.tgz 2749ms (cache miss)
921 http fetch GET 200 https://registry.npmjs.org/acorn/-/acorn-8.17.0.tgz 2687ms (cache miss)
922 http fetch GET 200 https://registry.npmjs.org/brace-expansion/-/brace-expansion-5.0.6.tgz 2685ms (cache miss)
923 http fetch GET 200 https://registry.npmjs.org/sift/-/sift-17.1.3.tgz 2931ms (cache miss)
924 http fetch GET 200 https://registry.npmjs.org/object-inspect/-/object-inspect-1.13.4.tgz 2933ms (cache miss)
925 http fetch GET 200 https://registry.npmjs.org/minimatch 106ms (cache miss)
926 silly packumentCache corgi:https://registry.npmjs.org/minimatch set size:undefined disposed:false
927 http fetch GET 200 https://registry.npmjs.org/graphemer/-/graphemer-1.4.0.tgz 2882ms (cache miss)
928 http fetch GET 200 https://registry.npmjs.org/esquery/-/esquery-1.7.0.tgz 2869ms (cache miss)
929 http fetch GET 200 https://registry.npmjs.org/@nodelib/fs.walk/-/fs.walk-1.2.8.tgz 2792ms (cache miss)
930 http fetch GET 200 https://registry.npmjs.org/iconv-lite/-/iconv-lite-0.7.2.tgz 2945ms (cache miss)
931 http fetch GET 200 https://registry.npmjs.org/type-fest/-/type-fest-0.20.2.tgz 3079ms (cache miss)
932 silly packumentCache corgi:https://registry.npmjs.org/@eslint%2feslintrc cache-miss
933 silly packumentCache corgi:https://registry.npmjs.org/eslint cache-miss
934 http fetch GET 200 https://registry.npmjs.org/semver/-/semver-7.8.5.tgz 2876ms (cache miss)
935 http fetch GET 200 https://registry.npmjs.org/@eslint/eslintrc/-/eslintrc-2.1.4.tgz 2887ms (cache miss)
936 http fetch GET 200 https://registry.npmjs.org/semver/-/semver-7.8.5.tgz 2888ms (cache miss)
937 http fetch GET 200 https://registry.npmjs.org/@mongodb-js/saslprep/-/saslprep-1.4.12.tgz 2896ms (cache miss)
938 http fetch GET 200 https://registry.npmjs.org/@eslint%2feslintrc 62ms (cache miss)
939 silly packumentCache corgi:https://registry.npmjs.org/@eslint%2feslintrc set size:undefined disposed:false
940 http fetch GET 200 https://registry.npmjs.org/nodemon/-/nodemon-3.1.14.tgz 3105ms (cache miss)
941 http fetch GET 200 https://registry.npmjs.org/js-yaml/-/js-yaml-4.2.0.tgz 3122ms (cache miss)
942 http fetch GET 200 https://registry.npmjs.org/eslint 170ms (cache miss)
943 silly packumentCache corgi:https://registry.npmjs.org/eslint set size:undefined disposed:false
944 http fetch GET 200 https://registry.npmjs.org/uri-js/-/uri-js-4.4.1.tgz 3327ms (cache miss)
945 http fetch GET 200 https://registry.npmjs.org/minimatch/-/minimatch-10.2.5.tgz 3065ms (cache miss)
946 http fetch GET 200 https://registry.npmjs.org/tsconfig-paths/-/tsconfig-paths-3.15.0.tgz 3329ms (cache miss)
947 http fetch GET 200 https://registry.npmjs.org/bson/-/bson-7.3.1.tgz 3103ms (cache miss)
948 http fetch GET 200 https://registry.npmjs.org/ajv/-/ajv-6.15.0.tgz 3173ms (cache miss)
949 http fetch GET 200 https://registry.npmjs.org/resolve/-/resolve-2.0.0-next.7.tgz 3417ms (cache miss)
950 http fetch GET 200 https://registry.npmjs.org/eslint-plugin-import/-/eslint-plugin-import-2.32.0.tgz 3327ms (cache miss)
951 http fetch GET 200 https://registry.npmjs.org/mongoose/-/mongoose-9.7.3.tgz 3772ms (cache miss)
952 http fetch GET 200 https://registry.npmjs.org/eslint/-/eslint-8.57.1.tgz 3786ms (cache miss)
953 warn deprecated eslint@8.57.1: This version is no longer supported. Please see https://eslint.org/version-support for other options.
954 http fetch GET 200 https://registry.npmjs.org/mongodb/-/mongodb-7.2.0.tgz 3903ms (cache miss)
955 http fetch GET 200 https://registry.npmjs.org/es-abstract/-/es-abstract-1.24.2.tgz 4371ms (cache miss)
956 silly ADD node_modules/yocto-queue
957 silly ADD node_modules/wrappy
958 silly ADD node_modules/word-wrap
959 silly ADD node_modules/which-typed-array
960 silly ADD node_modules/which-collection
961 silly ADD node_modules/which-builtin-type
962 silly ADD node_modules/which-boxed-primitive
963 silly ADD node_modules/which
964 silly ADD node_modules/whatwg-url
965 silly ADD node_modules/webidl-conversions
966 silly ADD node_modules/vary
967 silly ADD node_modules/uri-js
968 silly ADD node_modules/unpipe
969 silly ADD node_modules/undefsafe
970 silly ADD node_modules/unbox-primitive
971 silly ADD node_modules/typed-array-length
972 silly ADD node_modules/typed-array-byte-offset
973 silly ADD node_modules/typed-array-byte-length
974 silly ADD node_modules/typed-array-buffer
975 silly ADD node_modules/type-is
976 silly ADD node_modules/type-is/node_modules/content-type
977 silly ADD node_modules/type-fest
978 silly ADD node_modules/type-check
979 silly ADD node_modules/tsconfig-paths
980 silly ADD node_modules/tr46
981 silly ADD node_modules/touch
982 silly ADD node_modules/toidentifier
983 silly ADD node_modules/to-regex-range
984 silly ADD node_modules/text-table
985 silly ADD node_modules/supports-preserve-symlinks-flag
986 silly ADD node_modules/supports-color
987 silly ADD node_modules/strip-json-comments
988 silly ADD node_modules/strip-bom
989 silly ADD node_modules/strip-ansi
990 silly ADD node_modules/string.prototype.trimstart
991 silly ADD node_modules/string.prototype.trimend
992 silly ADD node_modules/string.prototype.trim
993 silly ADD node_modules/stop-iteration-iterator
994 silly ADD node_modules/statuses
995 silly ADD node_modules/sparse-bitfield
996 silly ADD node_modules/simple-update-notifier
997 silly ADD node_modules/simple-update-notifier/node_modules/semver
998 silly ADD node_modules/sift
999 silly ADD node_modules/side-channel-weakmap
1000 silly ADD node_modules/side-channel-map
1001 silly ADD node_modules/side-channel-list
1002 silly ADD node_modules/side-channel
1003 silly ADD node_modules/shebang-regex
1004 silly ADD node_modules/shebang-command
1005 silly ADD node_modules/setprototypeof
1006 silly ADD node_modules/set-proto
1007 silly ADD node_modules/set-function-name
1008 silly ADD node_modules/set-function-length
1009 silly ADD node_modules/serve-static
1010 silly ADD node_modules/send
1011 silly ADD node_modules/semver
1012 silly ADD node_modules/safer-buffer
1013 silly ADD node_modules/safe-regex-test
1014 silly ADD node_modules/safe-push-apply
1015 silly ADD node_modules/safe-array-concat
1016 silly ADD node_modules/run-parallel
1017 silly ADD node_modules/router
1018 silly ADD node_modules/rimraf
1019 silly ADD node_modules/reusify
1020 silly ADD node_modules/resolve-from
1021 silly ADD node_modules/resolve
1022 silly ADD node_modules/regexp.prototype.flags
1023 silly ADD node_modules/reflect.getprototypeof
1024 silly ADD node_modules/readdirp
1025 silly ADD node_modules/raw-body
1026 silly ADD node_modules/range-parser
1027 silly ADD node_modules/queue-microtask
1028 silly ADD node_modules/qs
1029 silly ADD node_modules/punycode
1030 silly ADD node_modules/pstree.remy
1031 silly ADD node_modules/proxy-addr
1032 silly ADD node_modules/prelude-ls
1033 silly ADD node_modules/possible-typed-array-names
1034 silly ADD node_modules/picomatch
1035 silly ADD node_modules/path-to-regexp
1036 silly ADD node_modules/path-parse
1037 silly ADD node_modules/path-key
1038 silly ADD node_modules/path-is-absolute
1039 silly ADD node_modules/path-exists
1040 silly ADD node_modules/parseurl
1041 silly ADD node_modules/parent-module
1042 silly ADD node_modules/p-locate
1043 silly ADD node_modules/p-limit
1044 silly ADD node_modules/own-keys
1045 silly ADD node_modules/optionator
1046 silly ADD node_modules/once
1047 silly ADD node_modules/on-finished
1048 silly ADD node_modules/object.values
1049 silly ADD node_modules/object.groupby
1050 silly ADD node_modules/object.fromentries
1051 silly ADD node_modules/object.entries
1052 silly ADD node_modules/object.assign
1053 silly ADD node_modules/object-keys
1054 silly ADD node_modules/object-inspect
1055 silly ADD node_modules/normalize-path
1056 silly ADD node_modules/nodemon
1057 silly ADD node_modules/nodemon/node_modules/supports-color
1058 silly ADD node_modules/nodemon/node_modules/semver
1059 silly ADD node_modules/nodemon/node_modules/minimatch
1060 silly ADD node_modules/nodemon/node_modules/has-flag
1061 silly ADD node_modules/nodemon/node_modules/brace-expansion
1062 silly ADD node_modules/nodemon/node_modules/balanced-match
1063 silly ADD node_modules/node-exports-info
1064 silly ADD node_modules/negotiator
1065 silly ADD node_modules/natural-compare
1066 silly ADD node_modules/ms
1067 silly ADD node_modules/mquery
1068 silly ADD node_modules/mpath
1069 silly ADD node_modules/mongoose
1070 silly ADD node_modules/mongodb-connection-string-url
1071 silly ADD node_modules/mongodb
1072 silly ADD node_modules/minimist
1073 silly ADD node_modules/minimatch
1074 silly ADD node_modules/mime-types
1075 silly ADD node_modules/mime-db
1076 silly ADD node_modules/merge-descriptors
1077 silly ADD node_modules/memory-pager
1078 silly ADD node_modules/media-typer
1079 silly ADD node_modules/math-intrinsics
1080 silly ADD node_modules/lodash.merge
1081 silly ADD node_modules/locate-path
1082 silly ADD node_modules/levn
1083 silly ADD node_modules/keyv
1084 silly ADD node_modules/kareem
1085 silly ADD node_modules/json5
1086 silly ADD node_modules/json-stable-stringify-without-jsonify
1087 silly ADD node_modules/json-schema-traverse
1088 silly ADD node_modules/json-buffer
1089 silly ADD node_modules/js-yaml
1090 silly ADD node_modules/isexe
1091 silly ADD node_modules/isarray
1092 silly ADD node_modules/is-weakset
1093 silly ADD node_modules/is-weakref
1094 silly ADD node_modules/is-weakmap
1095 silly ADD node_modules/is-typed-array
1096 silly ADD node_modules/is-symbol
1097 silly ADD node_modules/is-string
1098 silly ADD node_modules/is-shared-array-buffer
1099 silly ADD node_modules/is-set
1100 silly ADD node_modules/is-regex
1101 silly ADD node_modules/is-promise
1102 silly ADD node_modules/is-path-inside
1103 silly ADD node_modules/is-number-object
1104 silly ADD node_modules/is-number
1105 silly ADD node_modules/is-negative-zero
1106 silly ADD node_modules/is-map
1107 silly ADD node_modules/is-glob
1108 silly ADD node_modules/is-generator-function
1109 silly ADD node_modules/is-finalizationregistry
1110 silly ADD node_modules/is-extglob
1111 silly ADD node_modules/is-document.all
1112 silly ADD node_modules/is-date-object
1113 silly ADD node_modules/is-data-view
1114 silly ADD node_modules/is-core-module
1115 silly ADD node_modules/is-callable
1116 silly ADD node_modules/is-boolean-object
1117 silly ADD node_modules/is-binary-path
1118 silly ADD node_modules/is-bigint
1119 silly ADD node_modules/is-async-function
1120 silly ADD node_modules/is-array-buffer
1121 silly ADD node_modules/ipaddr.js
1122 silly ADD node_modules/internal-slot
1123 silly ADD node_modules/inherits
1124 silly ADD node_modules/inflight
1125 silly ADD node_modules/imurmurhash
1126 silly ADD node_modules/import-fresh
1127 silly ADD node_modules/ignore-by-default
1128 silly ADD node_modules/ignore
1129 silly ADD node_modules/iconv-lite
1130 silly ADD node_modules/http-errors
1131 silly ADD node_modules/hasown
1132 silly ADD node_modules/has-tostringtag
1133 silly ADD node_modules/has-symbols
1134 silly ADD node_modules/has-proto
1135 silly ADD node_modules/has-property-descriptors
1136 silly ADD node_modules/has-flag
1137 silly ADD node_modules/has-bigints
1138 silly ADD node_modules/graphemer
1139 silly ADD node_modules/gopd
1140 silly ADD node_modules/globalthis
1141 silly ADD node_modules/globals
1142 silly ADD node_modules/glob-parent
1143 silly ADD node_modules/glob
1144 silly ADD node_modules/get-symbol-description
1145 silly ADD node_modules/get-proto
1146 silly ADD node_modules/get-intrinsic
1147 silly ADD node_modules/generator-function
1148 silly ADD node_modules/functions-have-names
1149 silly ADD node_modules/function.prototype.name
1150 silly ADD node_modules/function-bind
1151 silly ADD node_modules/fs.realpath
1152 silly ADD node_modules/fresh
1153 silly ADD node_modules/forwarded
1154 silly ADD node_modules/for-each
1155 silly ADD node_modules/flatted
1156 silly ADD node_modules/flat-cache
1157 silly ADD node_modules/find-up
1158 silly ADD node_modules/finalhandler
1159 silly ADD node_modules/fill-range
1160 silly ADD node_modules/file-entry-cache
1161 silly ADD node_modules/fastq
1162 silly ADD node_modules/fast-levenshtein
1163 silly ADD node_modules/fast-json-stable-stringify
1164 silly ADD node_modules/fast-deep-equal
1165 silly ADD node_modules/express
1166 silly ADD node_modules/etag
1167 silly ADD node_modules/esutils
1168 silly ADD node_modules/estraverse
1169 silly ADD node_modules/esrecurse
1170 silly ADD node_modules/esquery
1171 silly ADD node_modules/espree
1172 silly ADD node_modules/eslint-visitor-keys
1173 silly ADD node_modules/eslint-scope
1174 silly ADD node_modules/eslint-plugin-import
1175 silly ADD node_modules/eslint-plugin-import/node_modules/doctrine
1176 silly ADD node_modules/eslint-plugin-import/node_modules/debug
1177 silly ADD node_modules/eslint-module-utils
1178 silly ADD node_modules/eslint-module-utils/node_modules/debug
1179 silly ADD node_modules/eslint-import-resolver-node
1180 silly ADD node_modules/eslint-import-resolver-node/node_modules/debug
1181 silly ADD node_modules/eslint-config-airbnb-base
1182 silly ADD node_modules/eslint
1183 silly ADD node_modules/escape-string-regexp
1184 silly ADD node_modules/escape-html
1185 silly ADD node_modules/es-to-primitive
1186 silly ADD node_modules/es-shim-unscopables
1187 silly ADD node_modules/es-set-tostringtag
1188 silly ADD node_modules/es-object-atoms
1189 silly ADD node_modules/es-errors
1190 silly ADD node_modules/es-define-property
1191 silly ADD node_modules/es-abstract-get
1192 silly ADD node_modules/es-abstract
1193 silly ADD node_modules/encodeurl
1194 silly ADD node_modules/ee-first
1195 silly ADD node_modules/dunder-proto
1196 silly ADD node_modules/doctrine
1197 silly ADD node_modules/depd
1198 silly ADD node_modules/define-properties
1199 silly ADD node_modules/define-data-property
1200 silly ADD node_modules/deep-is
1201 silly ADD node_modules/debug
1202 silly ADD node_modules/data-view-byte-offset
1203 silly ADD node_modules/data-view-byte-length
1204 silly ADD node_modules/data-view-buffer
1205 silly ADD node_modules/cross-spawn
1206 silly ADD node_modules/cookie-signature
1207 silly ADD node_modules/cookie
1208 silly ADD node_modules/content-type
1209 silly ADD node_modules/content-disposition
1210 silly ADD node_modules/confusing-browser-globals
1211 silly ADD node_modules/concat-map
1212 silly ADD node_modules/color-name
1213 silly ADD node_modules/color-convert
1214 silly ADD node_modules/chokidar
1215 silly ADD node_modules/chokidar/node_modules/glob-parent
1216 silly ADD node_modules/chalk
1217 silly ADD node_modules/callsites
1218 silly ADD node_modules/call-bound
1219 silly ADD node_modules/call-bind-apply-helpers
1220 silly ADD node_modules/call-bind
1221 silly ADD node_modules/bytes
1222 silly ADD node_modules/bson
1223 silly ADD node_modules/braces
1224 silly ADD node_modules/brace-expansion
1225 silly ADD node_modules/body-parser
1226 silly ADD node_modules/body-parser/node_modules/content-type
1227 silly ADD node_modules/binary-extensions
1228 silly ADD node_modules/balanced-match
1229 silly ADD node_modules/available-typed-arrays
1230 silly ADD node_modules/async-function
1231 silly ADD node_modules/arraybuffer.prototype.slice
1232 silly ADD node_modules/array.prototype.flatmap
1233 silly ADD node_modules/array.prototype.flat
1234 silly ADD node_modules/array.prototype.findlastindex
1235 silly ADD node_modules/array-includes
1236 silly ADD node_modules/array-buffer-byte-length
1237 silly ADD node_modules/argparse
1238 silly ADD node_modules/anymatch
1239 silly ADD node_modules/ansi-styles
1240 silly ADD node_modules/ansi-regex
1241 silly ADD node_modules/ajv
1242 silly ADD node_modules/acorn-jsx
1243 silly ADD node_modules/acorn
1244 silly ADD node_modules/accepts
1245 silly ADD node_modules/@ungap/structured-clone
1246 silly ADD node_modules/@types/whatwg-url
1247 silly ADD node_modules/@types/webidl-conversions
1248 silly ADD node_modules/@types/json5
1249 silly ADD node_modules/@standard-schema/spec
1250 silly ADD node_modules/@rtsao/scc
1251 silly ADD node_modules/@nodelib/fs.walk
1252 silly ADD node_modules/@nodelib/fs.stat
1253 silly ADD node_modules/@nodelib/fs.scandir
1254 silly ADD node_modules/@mongodb-js/saslprep
1255 silly ADD node_modules/@humanwhocodes/object-schema
1256 silly ADD node_modules/@humanwhocodes/module-importer
1257 silly ADD node_modules/@humanwhocodes/config-array
1258 silly ADD node_modules/@eslint/js
1259 silly ADD node_modules/@eslint/eslintrc
1260 silly ADD node_modules/@eslint-community/regexpp
1261 silly ADD node_modules/@eslint-community/eslint-utils
1262 verbose cwd /home/rapha_rudnik
1263 verbose os Linux 6.12.100+deb13-cloud-amd64
1264 verbose node v25.9.0
1265 verbose npm  v11.12.1
1266 verbose exit 0
1267 info ok
